customer_issue,reference_reply
"Seeking information on digital strategies that can aid in brand growth and details on the available services. Looking forward to learning more to help our business grow. Thank you, and I look forward to hearing from you soon.","We offer a variety of digital strategies and services to boost brand growth, including social media management and marketing. Let's discuss further; you can reach me at <tel_num> to schedule a call."
"I am contacting you to request information on data analytics tools that can be utilized with the Eclipse IDE for enhancing investment optimization. I am seeking suggestions for tools that can aid in making data-driven decisions. Particularly, I am interested in tools that can manage large datasets and offer advanced analytics features. These tools should be compatible with the Eclipse IDE and can smoothly integrate into my workflow. Key features I am interested in include data visualization, predictive modeling, and machine learning capabilities. I would greatly appreciate any recommendations or advice on how to begin with data analytics for investment optimization using the Eclipse IDE.","I am here to assist you with data analytics tools for investment optimization. Please provide more details on your requirements, and I will suggest appropriate options that are compatible with the Eclipse IDE."
"Dear Customer Support, I am reaching out to inquire about the security protocols you have in place to protect medical data. As a valued customer, I want to ensure that my sensitive health information is handled with the utmost care and confidentiality. Could you please provide me with information on the measures you take to safeguard medical data? Additionally, I would appreciate it if you could inform me about any certifications or compliances your company adheres to, such as HIPAA. I am also keen to know if you have any specific measures to prevent data breaches and unauthorized access. Thank you for your time and assistance. I look forward to your prompt response.","Dear [name], we take the security of medical data very seriously and have implemented strong security measures to protect sensitive information. Our company complies with HIPAA and has obtained the necessary certifications to ensure the confidentiality and integrity of medical data. To prevent data breaches and unauthorized access, we have protocols in place, including encryption and secure storage. If you require more detailed information, I would be happy to discuss this further with you, perhaps over a phone call at your convenience. Please let me know a suitable time to reach you at [tel_num] regarding your [acc_num]."
Inquiring about best practices for securing medical data on a 2-in-1 Convertible Laptop. Currently have Norton 360 installed and need guidance on how to properly configure it to protect sensitive medical information. Would greatly appreciate any tips or recommendations you can offer.,"Thank you for your concern regarding securing medical data on your 2-in-1 Convertible Laptop. To properly configure Norton 360 for protecting sensitive medical information, I recommend enabling the firewall and ensuring all updates are installed. Additionally, consider setting up a virtual private network and enabling full disk encryption. It would be helpful to discuss this further. Please let me know a convenient time to call you at <tel_num> to provide personalized guidance and answer any questions you may have."
"The integration stopped working unexpectedly, causing synchronization errors between our platforms. This might be due to recent modifications to the API. Despite attempting to restart services and examining logs, the problem remains unresolved. I would be grateful for your help in addressing this issue.",I will look into the problem and call you at <tel_num> to discuss it further and arrange a convenient time for resolution.
"I am reaching out to report an issue with our data analytics platform. The platform has crashed, and we believe it might be due to inadequate RAM allocation. We have already tried restarting the server and reviewing the logs, but the problem still exists. We kindly request your assistance in investigating this matter and providing a resolution at your earliest convenience. Please inform us if any additional information from our side is necessary to address this issue. The platform is currently unavailable, and we urgently need it to be operational. Thank you for your consideration and support.","Your email regarding the data analytics platform issue has been received. I regret the disruption caused by the platform's downtime. To better understand and resolve the situation, could you please share the server details and the log files you have examined thus far? Additionally, could you provide the current RAM allocation and the recommended amount for the platform? If scheduling a call would be helpful, I can arrange a time to discuss this matter in greater detail and develop a solution to restore the platform's functionality as swiftly as possible. Please suggest a convenient time for the call."
"Dear Customer Support,\n\nI am reporting an issue with our project sync, which has led to data loss. This sync failure occurred after recent software updates, possibly due to incompatibility issues. Despite restarting our systems and reviewing firewall settings, the problem remains unresolved.\n\nThe software updates were installed recently, and the sync failure happened shortly thereafter. Our team has attempted to troubleshoot the issue by restarting the systems and reviewing the firewall settings, but these efforts have been unsuccessful.\n\nI would greatly appreciate it if you could investigate this matter and provide a solution to resolve the sync issue and recover the lost data. If there is any additional information or logs you require from our side, please let me know.\n\nThank you for your time and assistance.\n\nBest regards,\n[Your Name]",We will look into the sync issue and contact you for any required information and to assist in finding a resolution.
"Hello Customer Support Team, I am writing to seek advice on digital methods that can aid in expanding my brand. In the current digital era, a robust online footprint is essential for business success. I am keen to learn about the strategies you suggest for boosting brand visibility and attracting more customers. Particularly, I am interested in exploring social media marketing, search engine optimization, and content development. I think applying the appropriate digital strategies could significantly advance my brand. Would you be able to offer some insights on this? I look forward to your response. Thanks for your time and support.","Greetings [Name], thank you for contacting our support team to discuss brand expansion strategies. We appreciate your enthusiasm to enhance your online presence. To boost brand visibility and attract a broader customer base, we suggest investigating social media marketing, search engine optimization, and content development. These tactics can help elevate your brand and foster business growth. For more targeted advice, we are ready to delve into your objectives and aspirations. Would you be available for a consultation at your convenience, or should we arrange a call at [Phone Number] to explore these opportunities and develop a customized plan for your brand growth?"
"Dear Customer Support, I am encountering a problem with my website analytics dashboard that is not updating. I believe there might be an issue with the API connection. I have already restarted the dashboard and verified my credentials, yet the problem still exists. Could you please investigate and offer a solution at your earliest convenience? If you require any additional information from me, please let me know. Thank you for your assistance, and I look forward to your response.","Dear <name>, we regret the inconvenience you have experienced with your website analytics dashboard. We will look into the potential API connection issue. Could you please provide your <acc_num> and any specific error messages you are receiving so we can assist you further?"
"Data breach found, assistance required",Please handle this data breach with urgency. Kindly share the specifics of the issue at hand and an expert will be assigned to assist you promptly.
"We are encountering data integration problems while optimizing investments using analytics tools. These issues might be due to unexpected software compatibility problems between various applications. Despite updating the software and checking for configuration errors, the problem continues. We would greatly appreciate your guidance in resolving this matter to ensure a smooth data flow and accurate analysis. Please inform us of the next steps to address this issue.",Please review the data integration issue and contact us at <tel_num> to discuss the next steps. We will provide guidance on resolving the software compatibility issues to ensure a smooth data flow and accurate analysis. Your account number is <acc_num>.
I am writing to request an update to the integration features in our mobile applications. The current features are outdated and not compatible with recent software versions. I would like to request enhancements to ensure seamless functionality with the latest software versions.,"Dear [Name], we appreciate your request to update the integration features in our mobile applications. We will review the compatibility issues and work on enhancements. Could you please provide details on the software versions you are using and contact us at [Tel Number] to discuss the necessary updates?"
"The data analytics software used by the financial firm is experiencing frequent crashes, likely due to RAM limitations and software conflicts.","Dear [Name], we apologize for the frequent crashes of your data analytics software. We will investigate potential causes, including RAM limitations and software conflicts. Please provide us with details of any error messages you are receiving and your system configuration. To better assist you, please schedule a call at <tel_num> and we can discuss a solution for your <acc_num> account. We will get back to you shortly with the next steps."
Breach in data identified,Commencing immediate investigation into the data breach
"To Whom It May Concern, I am contacting you to report a possible data breach, which may be related to outdated software. Despite my attempts to update various programs, including Snagit, Ansible, and Firebase, the problem continues. I am worried about the security of my data and would appreciate your help in addressing this issue promptly. Could you advise on the next steps or suggest a solution to prevent future breaches? I value your swift response to this matter and eagerly await your guidance. Please inform me if you require any further information to assist me. I can be reached at your convenience to discuss this further. Thank you for your support in resolving this issue. Please provide any necessary reference number <ref_num> for my records, and I look forward to your prompt follow-up.","Dear <name>, We acknowledge your email regarding a suspected data breach possibly due to outdated software. We regret any concern this has caused and thank you for your proactive attempts to update your programs. To better assist you, we need additional information regarding the breach. Could you please share details on the updates you've installed and any error messages you've encountered? Additionally, it would be useful to know the specific data you believe has been compromised. I am available for a phone call if you prefer. Please let me know a convenient time for you. In the meantime, I have assigned a reference number <ref_num> to your case and will contact you within the next 24 hours. Thank you for bringing this matter to our attention, and we look forward to resolving it promptly for you."
"Hello customer support, I am contacting you to highlight the urgent requirement to enhance encryption protocols on our JIRA and HubSpot CRM systems in order to secure medical data effectively. This update is vital for safeguarding sensitive information and ensuring adherence to regulatory standards. Could you please undertake these updates as soon as possible and notify me upon completion? If you need any more details from me, please let me know.","Thank you for bringing this to our attention, <name>. We recognize the urgency of updating encryption protocols on your JIRA and HubSpot CRM systems to protect medical data. We are committed to safeguarding sensitive information and maintaining compliance with regulatory requirements. For the update process, could you provide us with your <acc_num> and the current versions of JIRA and HubSpot CRM you are using? This will help us expedite the necessary updates. We will inform you once the updates are completed. If needed, we can arrange a call at <tel_num> to discuss further. Please specify a convenient time for the call if you prefer. We will prioritize this request and keep you updated on our progress."
Could you provide guidelines on securing medical data on macOS systems using Symantec Endpoint Protection? Thank you for your assistance.,I will provide guidelines on securing medical data on macOS systems using Symantec Endpoint Protection via email shortly.
Data analytics functions are disrupted following the latest software update. Efforts to restart and reinstall the software have been unsuccessful.,"We apologize for the disruption caused by the recent software update. We would like to investigate and resolve the issue with your data analytics. Could you please provide any error messages you are seeing? For your convenience, we are available to discuss possible solutions over a call at <tel_num>. "
"There has been a noticeable slowdown in the data analytics platform. It might be due to inadequate server resources. Despite restarting the servers and verifying the configurations, the problem continues.","Dear <name>, thank you for contacting us regarding the slowdown in the data analytics platform. We understand how this issue has affected you. We will delve into the root cause. As you have already attempted to restart the servers and reviewed the configurations, our next action will be to examine the server resource usage. Could you provide us with the current server load details and any recent modifications made to the platform? We will call you at <tel_num> to discuss this further if required."
"I am contacting you to seek advice on the secure management of medical data when utilizing Snagit and KNIME. Given the sensitive nature of the data, I am keen to adhere to all necessary security protocols. Could you offer guidance on the secure storage and transmission of medical images and data through these tools? Additionally, I would be grateful for any suggestions on encryption, access control, and compliance with applicable regulations. I appreciate your consideration and anticipation of your prompt response. I am eager to hear from you soon.","Certainly, I am glad to assist you in securing medical data with Snagit and KNIME. To ensure compliance, I suggest encryption, access control, and the use of secure storage solutions. We can explore specific best practices suited to your needs. Could you please share details about your current setup and workflow? I am also available to speak further over a call; how about reaching out at <tel_num> as per your convenience?"
"Dear Customer Support, I am writing to request assistance in optimizing my investment strategies through the use of data analytics. The abundance of data available can be daunting, and I believe data analytics tools can aid in making more precise forecasts and maximizing returns. However, I need guidance on how to effectively use these tools. Could you provide me with some pointers on getting started? It would be greatly appreciated if you could recommend the most suitable data analytics tools for investment analysis, as well as offer tips on how to interpret the data and make informed decisions. Additionally, I would like to know if you have any resources or tutorials available that can help me learn more about data analytics and its application in investment strategies. I am very eager to learn more about this topic and appreciate your assistance in this matter. I look forward to your response. Best regards, [Your Name]",I am providing guidance on data analytics tools for investment analysis and recommending resources for further learning. Please allow me to contact you at your convenience.
"I am contacting you to seek information regarding the prerequisites for integrating Wave with Outlook 2021. Could you kindly furnish me with the essential details, including the minimum system specifications such as the operating system, processor speed, and memory capacity, to ensure a seamless integration process? Furthermore, are there any specific software or plugin prerequisites that need to be met? Additionally, it would be greatly appreciated if you could share any troubleshooting advice or typical issues that might occur during the integration. I am eagerly looking forward to your response and resolving this matter. Thank you for your time and support.","Hello <name>, to integrate Wave with Outlook 2021, make sure you have a 64-bit operating system, a minimum 2.0 GHz processor, and at least 4 GB of memory. You will also need to install the Wave plugin for Outlook. For troubleshooting, please refer to our website for common issues and solutions. If you require further assistance, I am available to schedule a call at <tel_num> to guide you through the process. Please let me know a suitable time for your <acc_num> account."
"I am encountering a problem with my invoice. The amount shown online is not accurate. I have attempted to resolve this by refreshing the page and signing out then back in, but the issue still exists. I believe it might be a technical error or a data synchronization issue. Can you please investigate this for me and give me a corrected invoice total?","In response to your email about the incorrect total on your invoice, I want to acknowledge the inconvenience this has caused you. To better assist you, could you provide your account number and the specific invoice number you are referring to? I will look into the matter and determine the reason for the discrepancy. If necessary, I may need to contact you to discuss further; please let me know your availability for a call at your convenience. We aim to provide you with the corrected invoice total as soon as possible. Please let me know if you have any additional information that can help resolve this issue."
"Hello Customer Support, I am writing to inquire about the integrations that are currently available for Shopware with Google Cloud Platform and Microsoft Azure services. I am currently using Shopware as my e-commerce platform and I am keen to explore the integration opportunities with Google Cloud Platform and Microsoft Azure services. Would you be able to provide me with a detailed list of the available integrations and their descriptions? Furthermore, I would be grateful for any assistance in understanding how to set up and configure these integrations. Specifically, I am interested in knowing more about the integration with Google Cloud Storage, Google Cloud Functions, and Microsoft Azure Storage. Could you also inform me about any future plans for new integrations? Lastly, I would appreciate any insights into the limitations or restrictions on the use of these integrations. I look forward to your response and hope to receive detailed guidance on this matter. Thank you for your time and support. Kind regards, [Your Name]","Hello [Your Name], we appreciate your interest in exploring integrations for Shopware with Google Cloud Platform and Microsoft Azure services. We can offer you a comprehensive list of available integrations and their descriptions, including Google Cloud Storage, Google Cloud Functions, and Microsoft Azure Storage. I would like to arrange a call with you at [tel_num] to discuss your specific requirements in more detail and provide tailored guidance. Please let me know a convenient time for the call."
"Hello Customer Support, I am writing to inquire about enhancing security for the transmission and storage of medical data. Given the sensitive nature of medical information, it is crucial that it is protected with the highest level of security to safeguard patient details. Could you please share the current encryption methods used by your organization and the steps taken to ensure the secure handling of medical data? Additionally, are there plans to introduce further security enhancements, such as multi-factor authentication and encryption key management? Your insights on this matter would be greatly appreciated. Thank you for your time and cooperation. I eagerly await your response.","Hello <name>, thank you for contacting our customer support team concerning the enhancement of security for medical data transmission and storage systems. We understand the importance of securing such sensitive information and currently employ advanced encryption techniques to protect patient data. Our company utilizes strong encryption protocols to ensure the secure transmission and storage of medical information. We are continuously evaluating and improving our security measures to address potential threats. Regarding the implementation of multi-factor authentication and encryption key management, we are indeed considering these additional security measures to further strengthen the protection of medical data. I would be glad to discuss this further with you and provide more detailed information about our current security protocols and future plans. If you are available for a discussion at a convenient time, please let me know a suitable time and I will contact you at <tel_num>."
"Customer support, reaching out for inquiries about digital strategy services to aid in brand growth. Would appreciate detailed information and pricing for the services offered. Thank you for your assistance, and I look forward to hearing back soon.","<name>, thank you for reaching out regarding digital strategy services to support brand growth. We offer a range of services designed to help businesses enhance their online presence and reach their target audience. Our services include social media management, content creation, and search engine optimization. We would be happy to provide more information and pricing. To better understand your needs and provide a personalized solution, could you please provide us with more details?"
"The data analytics platform encountered issues while processing client investment reports due to high server load and software conflicts, despite restarting applications and checking for updates. The problem continues and requires your assistance.",We need your help to resolve the crash on the Data Analytics Platform. Please provide any error messages and assist with troubleshooting.
"I am contacting you to ask about the integration possibilities for ClickUp within my existing technology infrastructure. Could you send me a detailed list of tools that are compatible with ClickUp and a short explanation of their integration features? Additionally, I would be grateful for any instructions on setting up these integrations and any supplementary materials you can provide.","Dear <name>, we have noted your email concerning ClickUp's integration options. We offer several compatible tools that can integrate with ClickUp, such as Google Drive, Trello, and Slack. We can send you a list with brief descriptions of their integration processes. If you need setup instructions and further resources, we are available to call you at your convenience. Would you be free for a call at <tel_num> or do you prefer a different time?"
Seeking information on digital marketing tactics for brand growth. Please provide specifics on the services you offer.,"Appreciate your inquiry. We provide a range of digital marketing services to support brand growth, including social media management and search engine optimization. Let's discuss the details further."
"Customer support, requesting an update to the integration settings for various software tools to enhance compatibility with our scalable SaaS platform. The current settings, although optimized, are causing issues with data synchronization. I would greatly appreciate your assistance in updating these settings as soon as possible. Please let me know the necessary information so we can proceed.","Hello [name], we are happy to assist with updating the integration settings for compatibility. Could you please provide us with the specific software tools you are currently using and any current settings? This information will guide our update process. Additionally, we can schedule a call at your convenient time at [tel_num] to discuss further. Please let us know a suitable time for you."
"Hello Customer Support, <br>A digital campaign synchronization issue has been observed by me and I am reporting it here. <br>The issue surfaced after the recent software updates and configuration alterations. <br>Steps taken to troubleshoot include restarting the devices and verifying internet connectivity, but unfortunately, the issue still exists. <br>I kindly request you to examine the situation and offer a resolution at the earliest. <br>Please inform me if you need any further details from me for the resolution. <br>I am eagerly awaiting your response. <br>Thanks a lot for your attention and help. <br>Best regards, [Your Name]","Hello [name], We have noted your email concerning the digital campaign synchronization problem. Could you please share the <acc_num> and elaborate on the software updates and configuration changes that were implemented? I will look into this and get back to you with a solution as soon as possible. If necessary, I will reach out to you at <tel_num> for additional discussions."
"During the last deployment, users encountered notable performance issues with the application. This might be due to unoptimized code introduced in the latest update. We have already restarted the servers and rolled back the update, but the problems continue. The team is currently actively investigating the cause and working on a solution to restore optimal performance.",We are aware of the issue and the team is actively investigating to resolve the application performance slowdown. We will provide an update soon as a possible solution is found.
"Customer Support, facing issues with unauthorized access attempts to medical data in my report. The problems might be due to outdated security protocols. Despite efforts to enhance encryption and update system settings, these measures have been unsuccessful. I would greatly appreciate some guidance to resolve the issue and prevent similar occurrences in the future. Please let me know the next steps to take. Thank you for your assistance, and I look forward to hearing from you soon.","<name>, thank you for reporting unauthorized access attempts to medical data. I understand your concern and would be happy to help. To better assist you, could you discuss the issue further and provide details on the current security protocols and the updates that have been attempted? I will be available to call at <tel_num> to guide you through the next steps to enhance the security of the system and prevent future occurrences. Please let me know a suitable time to call. I look forward to speaking with you soon."
"There has been an unexpected data breach that may have compromised sensitive medical data. This is likely due to insufficient security measures and outdated software. Actions taken include securing the system, updating passwords, and monitoring network activity. Assistance is needed to ensure the necessary steps are taken to protect sensitive information and prevent future breaches.",Please review the case and contact +1-800-123-4567 to discuss the necessary assistance.
Request for enhancements in digital marketing tools integration to optimize software performance. Aim is to enable effective brand growth strategies and improve the overall customer experience. Appreciate if could look into this matter and provide a solution as soon as possible. Thank you for your time and assistance.,<name> received your request for enhancements in digital marketing tools integration to optimize software performance. The goal is to enable effective brand growth strategies and improve the overall customer experience. Would appreciate it if could gather more information to better understand your requirements. Could please provide specific details and information regarding the enhancements you are looking for and the current challenges you are facing. This will help in providing a suitable solution and proposing the next steps to achieve your goals and improve overall performance.
"I am reaching out to inquire about solutions that can secure medical data and enhance hospital infrastructure. Could you provide details on the services you offer, including data encryption and network security? I would greatly appreciate any information that could help improve the overall efficiency of hospital operations. Thank you for your time and assistance. I look forward to hearing from you soon.","We offer data encryption and network security solutions to secure medical data and enhance hospital infrastructure, which can improve operational efficiency. Please call <tel_num> to discuss the details and provide information on our services."
"The scanner is not functioning correctly because of old drivers and recent macOS updates. Despite efforts to restart, update software, and reinstall drivers, the problem remains unresolved.","To resolve your scanner issue, could you kindly share your computer and scanner model along with the version of macOS you are running so that I can guide you on the appropriate drivers and updates?"
"Faced an SQL Server outage that disrupted data analytics processing, impacting investment optimization. The outage might be due to high query loads on the server. Restarted the SQL Service and reviewed the server logs for any errors.","Noted the SQL Server outage issue affecting data analytics processing. To investigate further, could you please provide details on the high query loads that might have caused the outage? Additionally, I would like to review the server logs for any errors. If necessary, we can schedule a call to discuss the issue and explore possible solutions to prevent future outages. Please let me know a convenient time to contact you at <tel_num>."
I hope this message finds you well. I am interested in learning about effective digital strategies that can help boost brand growth and engagement for businesses. Could you share some insights or recommendations on this matter? Your input would be greatly appreciated.,"Hello <name>, thank you for reaching out with your inquiry regarding digital brand growth and engagement strategies for businesses. To enhance brand growth and engagement, we suggest developing a robust online presence through social media marketing, search engine optimization, and content creation. Let's delve deeper into these strategies and tailor recommendations to fit your specific requirements. Could you please provide more details about your business and goals? If you're available, I propose scheduling a call at <tel_num> to discuss these strategies in more detail and address any questions you may have about our services and how we can support you."
"I am seeking information on billing options and the integration of the QuickBooks Online SaaS platform. Could you provide details on the available plans and pricing? I would appreciate it if you could explain the benefits of each plan and how they cater to different business needs. Additionally, I would like to know if there are any discounts available for long-term commitments and if a free trial period is offered. Please let me know the necessary information to assist with my inquiry.","Thank you for your interest in integrating the QuickBooks Online SaaS platform. We offer various plans with different pricing and benefits. To provide you with detailed information, could you please provide us with more details about your business needs? We are happy to discuss the plans and pricing and let you know if you are eligible for any discounts or if a free trial period is available."
"Dear Customer Support, I am writing to report an issue with the data visualization dashboard. The dashboard is not loading, and I suspect it might be due to an outdated browser version. I have already tried restarting my browser and clearing the cache, but the problem still persists. I would greatly appreciate your assistance in resolving this matter. Please let me know if there are any additional steps I can take or if you require more information from me. I am available to provide further details if needed. Thank you for your time and support. I look forward to hearing from you soon. Sincerely, [Your Name]","Dear [Your Name], thank you for reporting the issue with the data visualization dashboard. We will investigate and contact you shortly. Could you please confirm your browser version and provide a screenshot of the error message for further assistance?"
The data analytics tool is yielding inconsistent results. It appears recent software updates might be the cause of data input errors. Efforts to revert to previous versions and validate input data have been unsuccessful.,"In response to your email regarding issues with the data analytics tool, I am sorry to hear that you are experiencing inconsistent output. I understand that your attempts to revert to previous versions and validate input data were unsuccessful. To help us investigate the issue, we would like to gather some information. Please provide the exact error message you are seeing and the steps you took to try and resolve the issue. It would also be helpful to know which version of the software you are currently using and the approximate time frame of the issue."
"Dear Customer Support, the critical data analytics report generation has failed due to software compatibility issues arising from recent updates. I have attempted to reinstall the affected software and restart the systems, but the issue still persists. I urgently need assistance to resolve this matter to avoid any delays.",We will assist with resolving the software compatibility issue. Please provide details on the updates and affected software so we can investigate further.
"I am contacting you to seek details on the necessary system specifications for the optimal functioning of your project management software as a service. Could you furnish me with the minimum and recommended system configurations, including the processor speed, memory capacity, and the required operating system? This information is crucial for ensuring that our team's devices meet the requirements and can operate the software seamlessly.","I will provide you with the system requirements for our project management SaaS. You can find the details on our website, or I can call you at your convenience to discuss further."
"Our marketing agency has encountered software malfunctions that are affecting our brand growth strategies. Recent system updates have been conflicting with our existing applications, leading to these issues. Despite our efforts to troubleshoot by reinstalling the affected software and clearing caches, the problems continue. We need your assistance to resolve these issues and get our systems running smoothly again.","Dear [Name], we apologize for the inconvenience caused by the software malfunctions. We appreciate the troubleshooting steps you have taken so far. To better understand the issue, could you please provide details on the system updates and existing applications that are conflicting? Additionally, knowing the exact error messages you are receiving would be very helpful. We would like to schedule a call to discuss the issue and work on a resolution. We are available at your convenience. Please let us know a suitable time for us to arrange."
"Hello customer support, I am contacting you to report that my digital marketing campaigns have not been able to start. This may be because of an incompatibility with the Express.js version I am using. Despite attempting to restart my Mac Mini and updating McAfee, the issue remains. I would be grateful if you could examine this situation and offer a remedy at your earliest convenience. Please inform me if you need further details from me to address this concern.",We regret the difficulties you are experiencing with your campaigns. We will look into the compatibility issues with Express.js. Could you please share your current Express.js version and any error messages you have encountered? We will strive to address and resolve this issue promptly and provide a solution or workaround to get your campaigns running.
"There are occasional access problems with the project management dashboard. This might be related to recent server updates. I have cleared the cache and verified the user permissions, but the issue continues. We need your help to resolve this as soon as possible. We would greatly appreciate a quick response to this matter and are looking forward to your prompt attention. Thank you.",We will investigate the issue with the project management dashboard and can be reached at <tel_num>. Please call us to discuss and resolve the matter as soon as possible.
"Dear Customer Support, I am inquiring about a problem I encountered with the medical data encryption process. The encryption failed abruptly, and I suspect it might be a result of a software configuration error. Despite restarting the servers and updating the software, the issue remains unresolved. I would be highly grateful if you could offer any guidance to address this. Please inform me if there are specific actions I should undertake or if you need further information from me. I am ready to supply any necessary details or engage in further discussion. Thanks for your assistance. Best regards, [Your Name]","Dear [Name],<br><br>Thank you for contacting us about the encryption issue with your medical data. We apologize for the inconvenience. We are available to assist you. Could you please share more specifics about the software configuration and the precise error message you are getting? This will aid us in diagnosing the problem. Should a call be necessary, please let us know a suitable time to reach you at <tel_num>. We aim to resolve this matter promptly. Thank you for your patience and cooperation."
Could you provide details on securing medical data using the Hub Smart-Thermometer products? Thank you.,Please contact us to discuss securing medical data with our products soon.
"Dear Customer Support, I am writing to request an update to the product details and integration options. The current process is causing inconvenience to customers, and we would like to request that the product details be updated to reflect the correct information. Additionally, we would appreciate if the integration options could be updated to include more flexible options for customers, as this would greatly improve the overall customer experience and reduce the number of returns and exchanges. Thank you.","Thank you for reaching out to us regarding the update to product details and integration options. We understand that the current process is causing inconvenience to customers and appreciate your suggestions for improving the overall customer experience. Your request will be forwarded to the product development team for review and update as soon as possible. To better assist you, could you please provide specific information regarding the product details and the integration options you would like to see updated?"
"Our medical data security system is facing vulnerabilities, possibly due to outdated software without proper encryption. Despite attempts to secure the system by updating applications and implementing firewall rules, the issues continue. Urgent assistance is needed to resolve this issue as soon as possible.",Please call <tel_num> to discuss resolving the medical data security vulnerabilities immediately.
"We have encountered a significant data breach impacting our medical data systems. This may have occurred due to outdated security protocols. We have attempted to implement immediate patches and security updates across the affected products, but the issue persists. We require urgent assistance to resolve the matter and prevent further breaches.","We are responding to your urgent email regarding the data breach affecting your medical data systems. To assist you, we need information on the security updates that have been applied to address the current issues you are experiencing. Could you please provide details on any errors or symptoms you are seeing? We will schedule a call at your earliest convenience to discuss and provide a solution to prevent future breaches."
"The investment data analytics platform unexpectedly halted because of inadequate system resources or software conflicts. After restarting the systems and reviewing for available updates, the issue remains unresolved.","I am responding to your concerns about the investment data analytics platform crash, which appears to be due to insufficient system resources or software conflicts. I appreciate your proactive steps in restarting the systems and verifying updates. To effectively address the problem, I kindly request additional details on the error messages you encountered and the updates you applied. Should further assistance be required, I am available for a detailed discussion at a mutually convenient time. Please provide the requested information or suggest a time for a call so that I can assist you in fully resolving the issue with the investment data analytics platform."
Requesting an enhancement in our data analytics capabilities. We are aiming to optimize our investment strategies using the appropriate software and hardware tools to improve our data-driven decision-making and stay ahead of the competition. We believe that the right tools can support us in achieving our goal and driving business growth. I would greatly appreciate your guidance and recommendations on the tools to use. Thank you for your time and assistance.,"I would be happy to help enhance your data analytics capabilities, <name>. To provide suitable recommendations for software and hardware tools, could you please share more information about your current setup and specific requirements? You can contact <tel_num> to discuss and receive guidance on the tools that can support your investment strategies."
"Dear Customer Support Team, I am contacting you to inquire about the integration of new hardware and software compatibility to enhance our project management experience. As a valued customer, I believe it is crucial to adopt the latest technologies in order to achieve efficient and effective project management. The current system has some limitations, and I am requesting an update to include the latest hardware and software compatibility, which would facilitate better project management. Could you please share with me the current status of this integration and provide an estimated timeline for its implementation? Furthermore, are there any plans to introduce new features or updates that would further improve the project management experience? I would be grateful if you could provide me with more information on these matters. Thank you for your time and assistance. I am looking forward to hearing back from you soon. Please notify me if you need any additional information from me.","Dear [Name], thank you for your email regarding the integration of new hardware and software compatibility to enhance the project management experience. We appreciate your feedback and consider your opinion valuable. Our team is currently in the process of updating the system to include the latest hardware and software compatibility. We will provide you with the current status and an estimated timeline for implementation. To assist you better, could you please provide us with your account number [acc_num] and a convenient time for us to call you at [tel_num] to discuss this matter further? We will be happy to address any questions you may have and update you on new features and releases."
"Dear Customer Support, I am in need of your assistance as I have encountered a data breach through an insecure network. The root cause is due to insufficient encryption and out-of-date firmware. Despite my efforts to address the issue by restarting the router and reviewing the firewall settings, the problem continues to persist. I would greatly appreciate your help in securing my network and preventing future breaches. Could you kindly offer guidance on how to update the firmware and enhance encryption? Additionally, I would be grateful for any supplementary advice to strengthen the security of my network. Thank you for your attention and assistance. I eagerly await your response. Sincerely, [Your Name]",I will assist you in securing your network and guide you on updating the firmware and implementing sufficient encryption. Please allow me to call you at a convenient time to discuss further and provide additional recommendations to enhance your network security.
Could you provide detailed solutions for securing medical data within our hospital's infrastructure?,"We take the security of medical data in our hospital infrastructure very seriously. Solutions include implementing robust firewalls, encrypting sensitive data, and conducting regular security audits to identify vulnerabilities. We also provide secure access controls and monitoring systems to prevent unauthorized access. For detailed information, we would be happy to schedule a call to discuss your specific needs and requirements. I am available for a call at your convenience; please let me know a suitable time to make the arrangement."
"A healthcare organization faced an unauthorized breach of medical data, which may be attributed to weak security measures. They have already implemented firewall enhancements and antivirus scans, but the issue continues. Assistance is required to identify the root cause and to implement a solution to prevent future occurrences.",Please investigate the security concern by contacting us at <tel_num>. We can discuss the necessary steps to resolve the problem.
"Customer Support, <br>Our campaign metrics for Lynda.com Spiegellose Kamera indicate a notable drop in engagement. <br>Potential causes may include recent algorithm changes or ineffective targeting strategies. <br>We have made adjustments to ad spend and audience demographics, which have shown some improvement. <br>We would greatly appreciate your assistance in identifying the root cause of the issue and providing guidance to optimize our campaigns for better performance. <br>Please let us know if you need any additional information.","Upon reviewing the campaign metrics for Lynda.com Spiegellose Kamera, we would like to discuss and identify the root cause of the decline in engagement. Please provide details on any recent adjustments made to ad spend or audience demographics. You can contact us at <tel_num> to discuss the next steps."
"Our project management SaaS application is encountering functionality problems across multiple devices. It appears recent updates or integration conflicts might be the cause. We have already tried clearing the cache, reinstalling the application, and checking for updates, but the issue still persists. We need assistance to resolve this problem.","We are here to help with the functionality issues you are experiencing with your project management SaaS application. To better understand the issue, could you please provide more details about the errors you are encountering and any recent integrations or updates made? For your convenience, we would like to schedule a call to troubleshoot and resolve the issue. Please let us know a suitable time for the call at <tel_num>."
Optimize the layout of the project management software dashboard for a better user experience and easier navigation. The revised design will facilitate quicker access to project tools.,Your request to update the project software dashboard layout for enhanced user experience and navigation has been noted.
"We are reaching out for guidance on securing medical data within a WordPress healthcare site. Our healthcare organization needs to ensure that our website is compliant with relevant regulations as we handle sensitive patient information. Could you provide us with recommendations for plugins, themes, and security practices to secure our WordPress site? We would greatly appreciate advice on data encryption, access controls, and backup procedures. Additionally, we are interested in understanding specific WordPress features that can help maintain the confidentiality of patient data.","Thank you for your concern regarding the security of medical data on your WordPress site. To ensure compliance with regulations, we recommend using reputable plugins for data encryption and access controls, as well as implementing two-factor authentication. Regular backups are also crucial. We can discuss specific WordPress features and best practices for maintaining the confidentiality, integrity, and availability of patient data. For a detailed discussion, we are available for a call at <tel_num>; please let us know a convenient time for you."
"A system outage is impacting medical data security and hospital operations. The cause is unknown, but a recent software update or network failure is suspected. The team has restarted affected systems and reached out to vendors for assistance.","<name> has received the incident report concerning the system outage affecting medical data security and hospital operations. It is understood that the cause is unknown, with a recent software update or network failure being suspected. A discussion to determine the next steps would be appreciated. A call at the earliest convenience to gather information and work towards a resolution would be ideal. Please let us know a suitable time for the call at <tel_num> for account <acc_num>."
"I am contacting you to request information on data analytics tools that can be integrated with Jenkins for the purpose of investment optimization. I would be very grateful for any details or suggestions you could provide. Particularly, I am interested in tools that can assist me with the analysis and optimization of my investments. Thank you for your time and help.","Hello <name>, we are grateful for your query regarding data analytics tools that can be integrated with Jenkins for investment optimization. We have several solutions that can aid you in analyzing and optimizing your investments. Notable among these are Jenkins plugins that offer insights and metrics on investment performance. I would like to discuss this further with you and provide more specific recommendations. To better assist you, could you please share more details about your current investment setup and the specific metrics you aim to track? Alternatively, you can reach me at <tel_num> for a phone call if you prefer to discuss this matter over the phone."
"I am contacting you to address a recent billing irregularity. I was overbilled for goods I did not request. I believe this could be a result of a misconfigured account. I had previously reached out for assistance, but have not received a resolution. I kindly ask that you investigate and resolve this matter promptly. Please inform me if more details are needed from my side. I await your response.","We are examining the overcharge on your most recent invoice for goods that you did not request. To better assist you, could you please furnish your account number and the corresponding invoice number? After reviewing your case, we will get back to you to discuss a solution. Would you be available for a call to further discuss this? "
Assistance needed for data breach in hospital systems,"Please acknowledge the data breach issue with hospital systems. To better assist you, could you provide details on the issue you're experiencing, the nature of the breach, and any error messages received? I would like to schedule a call to discuss this further. I am available to talk at your earliest convenience. Please let me know a suitable time for a callback at <tel_num>."
"Respected customer support, I am contacting you to report a problem with our digital campaign. It unexpectedly stopped working and we're uncertain of the reason. We believe it could be because of updated software that is not compatible. Despite restarting the systems and checking the configurations, the issue is still occurring. We would be grateful if you could look into this and provide a solution at the earliest. Please inform us if you need more information from us to address the issue. We look forward to your response. Thank you for your time and help.","Dear <name>, we regret the issues encountered with your digital campaign and thank you for bringing it to our notice. We will look into the cause of the crash and work to resolve it promptly. To assist in the investigation, could you please provide us with details about the recently installed software updates and the specific error message you are receiving. If needed, we may arrange a call; are you available for a call at <tel_num> or do you prefer another time? We will contact you shortly to update you on the status of the issue."
I require assistance with digital strategies for optimizing the Magento e-commerce platform. Could you share the optimal methods to enhance performance and user experience?,"I am ready to help with Magento optimizations. To offer the best advice, please give me your current platform version and any specific issues you are facing. Based on this, I can provide personalized recommendations to improve performance and user experience, or we can arrange a call at a time that suits you."
"An unexpected service outage has impacted several systems, causing disruptions to access medical data for hospital services. The issue might be due to misconfiguration in the Kubernetes deployment or a potential software vulnerability. We have rebooted the affected servers and checked for configuration errors, but the issue still persists.","Received an urgent assistance request regarding the service outage that has affected multiple systems and hospital services. To better assist you, could you please provide details on any error messages and the steps that have been taken so far? It would be helpful to know the exact configuration of the Kubernetes deployment and any recent software updates. I would like to schedule a call to discuss this further and am available at the earliest convenience. Please let me know a suitable time."
Need to integrate investment analytics tools with data from multiple sources.,Could you provide more details on the issue with integrating investment analytics tools with data from multiple sources? This will help me assist you better.
"To the support team, I am contacting you to inform you of the absence of several product licenses, which might be a result of a potential database synchronization issue. After attempting to restart services and reviewing logs, the problem still exists. I kindly request you to investigate this and offer a resolution at your earliest convenience. Please inform me if you require any further details from me to address the situation. I am eagerly awaiting your response. Thanks for your assistance.","Dear [Name], thank you for reaching out to us regarding the missing product licenses, we regret the inconvenience this has caused you. We will look into the potential database synchronization issue and will work to resolve it promptly. Could you please share your [account_number] and additional information about the missing licenses, including the license numbers and associated products? Should we need to, we can schedule a call at [telephone_number] for further discussion. We appreciate your patience and cooperation, and we are looking forward to resolving the issue for you."
"Hello Customer Support, I am contacting you to learn more about digital strategies that are compatible with Magento 2.4 to aid in the growth of my brand. I am keen to explore the various strategies that can enhance our online presence and would greatly appreciate any insights or recommendations you can share. Could you inform me about the diverse strategies and their potential benefits? I would be grateful for any assistance you can provide. Thank you for your time and help. I anticipate a response from you soon.","Hello <name>, we are pleased to hear from you and thank you for your inquiry regarding digital strategies for growth with Magento 2.4. Our team can provide you with information on a range of methods to boost your online presence, such as SEO, social media integration, and email marketing. We would be delighted to delve into these strategies with you and offer tailored guidance based on your specific needs. Would it be convenient for you to schedule a call to discuss your requirements further?"
"Could you provide more details on optimizing investment data analytics products, similar to those found at Codecademy Elasticsearch? I'm interested in learning data analytics to better inform my investment decisions and improve returns. Specifically, I would like to know about the tools and techniques used to analyze data and make predictions about future market trends.","I would be happy to discuss optimizing investment data analytics. Please provide some information about your current investment goals, and we can discuss the tools and techniques used to analyze data and make predictions about future market trends during a convenient call."
"Hello Customer Support, I am writing to request information on the system requirements needed for the best performance of your SaaS project management tool. Could you kindly share the recommended browser, operating system, and hardware specifications? Additionally, any extra details on how to achieve the best user experience would be greatly appreciated. I look forward to your response and thank you in advance for your help.","Hello [name], for optimal performance of our SaaS project management tool, we recommend using the latest version of Google Chrome as the browser, Windows 10 as the operating system, and at least 8GB of RAM. Thank you."
"Unpredictable delays in data processing for investment analytics tools are happening because of server overload during peak usage times. Even after restarting servers and optimizing queries, the problems continue and require assistance to resolve the issue.","<name> has acknowledged receipt of your email regarding server overload issues impacting investment analytics tools. For better assistance, we would like to schedule a call to discuss the issue in detail. Please let us know when you would be available for the call, or offer alternative times. Additionally, knowing the current server configuration and any recent changes made to optimize queries will be helpful in investigating and providing a resolution."
There was an overcharge by the marketing agency.,We are looking into the issue of overcharged subscription services by the marketing agency. Please provide your account number for an investigation and resolution.
Is it possible to receive data analytics services that optimize investment strategies? Thank you.,"We can offer data analytics services to optimize investment strategies, providing insights and recommendations to improve returns. I would be happy to discuss and provide more information. We are available to call at your convenience to explore these services and support your investment goals. Please let us know a suitable time to reach you."
"Customer Support, seeking assistance with securing Kubernetes for medical data compliance in hospital environments. As hospitals handle sensitive patient data, strict security measures are required. I would like to know best practices for implementing Kubernetes in these environments to ensure the confidentiality, integrity, and availability of medical data. Specifically, I am interested in learning about network policies, access controls, and data encryption methods. Could you provide resources and documentation?","<name>, thank you for your inquiry regarding the securing of Kubernetes for medical data compliance. I recommend reviewing the documentation on network policies, access controls, and data encryption methods. We can schedule a call at <tel_num> to discuss this further. Please let us know a convenient time to reach you, so we can provide guidance tailored to your hospital environment <acc_num>."
"Dear Customer Support, I am encountering issues with the investment performance analytics report due to the recent software update. Despite my efforts to revert the update and restart the systems, the problem continues. I suspect there might be compatibility issues with my existing tools and analytics methods. I would greatly appreciate it if you could look into this matter urgently and provide a solution. Please inform me if you require any additional information; I am available to discuss and provide the necessary details. Thank you.","<name> acknowledges receipt of the email regarding the issue with investment performance analytics. Apologies for the inconvenience caused by the recent software update. We will investigate the matter and provide a solution as soon as possible. To better understand the issue, please provide details about the inconsistent results you are experiencing and the steps you have taken to revert the update. We would like to schedule a call at a convenient time for you. Please let us know a suitable time for the call, and we can contact you at <tel_num>."
"Hello Support Team, I need assistance with a data encryption error that has been occurring. The error message 'Data encryption failed' is shown, and it seems a misconfiguration might be the reason. After attempting to restart the servers and review the logs, the issue still exists. I would be very grateful if you could assist in solving this problem. Please inform me if you require more details from me to help resolve this. Thank you for your support and I look forward to your feedback.","Hello, we appreciate you reaching out to us regarding the data encryption issue. We are ready to help you solve this. For a better understanding, could you please share the details of the configuration update and the most recent log files? This will assist us in identifying the issue and providing a solution. If necessary, we can arrange a call using the number <tel_num> to discuss further, kindly provide a convenient time for your account <acc_num>."
A possible data breach may have happened because of an old software vulnerability. We ran an antivirus scan and checked the firewall.,"We are taking this data breach very seriously and thank you for your immediate response. To help us investigate the suspected breach, could you provide additional information on the outdated software and the timing of your antivirus check? Additionally, I will arrange a call at your convenience to discuss the necessary steps to secure your hospital's IT system."
"I am seeking guidance on securing medical data within a Mercurial environment on Google Cloud Platform in a hospital setting. Could you provide advice on data encryption, access control, and compliance with HIPAA regulations? I would greatly appreciate any recommendations or resources you can provide to ensure the security and integrity of sensitive medical information.","We can provide guidance on securing medical data in a Mercurial environment on Google Cloud Platform. Please allow us to call for your convenience to discuss the best practices for data encryption, access control, and HIPAA compliance."
It is imperative to draw attention to the need for implementing enhanced security measures for medical data across all affected systems. This is crucial to ensure compliance and data integrity. The current system has several vulnerabilities that need to be addressed immediately. We request that you take immediate action to rectify the situation and ensure the security of sensitive medical information. Please inform us of the steps you will take to address this issue.,We will investigate and implement the necessary security measures to protect medical data and ensure compliance with data integrity standards.
Is it possible to provide an overview of the scalable SaaS features that enhance project management?,"The scalable SaaS features for project management include task tracking and team collaboration tools, which offer benefits such as increased productivity and improved project visibility. Please send a detailed overview of the features and their benefits via email."
"Hello Customer Support,\n\nI hope this message finds you well. I am contacting you to report a critical issue that has recently been brought to my attention. We have experienced a data breach that has exposed sensitive medical information, which is of great concern. Following an initial investigation, it seems that the breach might be due to the use of outdated Perl and Git versions in our system.\n\nI have already taken some measures, such as conducting security scans to find any vulnerabilities and updating our Magento platform to the latest version. Nevertheless, the problem still persists, and I need further assistance.\n\nI would greatly appreciate your help in identifying the root cause of the breach, recommending updates for our Perl and Git versions, and suggesting any additional preventive measures. Please let me know if you need any additional information from me to proceed with your investigation. I am available to discuss this matter further and provide any required details.\n\nI look forward to your prompt response.\nBest regards,\n[Your Name]","Hello [Your Name],\n\nThank you for your email regarding the medical data breach. I appreciate the steps you have already taken to address the issue. In order to provide the best assistance, could you please arrange a call at your convenience so we can go over the details of your system and the breach? I will require information about your system configuration, including the current versions of Perl and Git you are using, and any error messages you have encountered. Additionally, it would be helpful to know the results of the security scans you have conducted. Once we have this information, I can suggest how to update your Perl and Git versions and recommend further preventive measures to avoid similar incidents in the future.\n\nPlease let me know a suitable time for the call and I will make sure to contact you.\n\nThank you for your cooperation.\nBest regards,\n[Assistant Name]"
Could you please share the necessary system specifications for achieving peak device functionality?,"Dear customer, to achieve peak device functionality, the minimum system specifications required are a 2.5 GHz processor, 8 GB of RAM, and 256 GB of storage. However, for more detailed and specific requirements, please provide information about your device and operating system so we can offer more tailored advice. If needed, we can also arrange a convenient call to discuss this further."
"Hello customer support, I am contacting you to seek information about the training programs available for new HR staff. Would you kindly share details on the types of programs, their duration, and any necessary prerequisites? Additionally, could you provide me with information on the costs involved and any potential discounts? I would greatly appreciate a call at <tel_num> to discuss further and find the most suitable training option for my needs. Thank you for your time and assistance. I am looking forward to your response.","Hello <name>, we provide various HR training programs with differing durations and prerequisites. Please allow me to call you at <tel_num> to provide you with detailed information on costs and discounts, and to discuss the best training option for your needs."
Adjust marketing campaigns promptly to align with the updated brand messaging for enhanced outcomes.,I will adjust the marketing campaigns to align with the updated brand messaging promptly.
"I am reaching out to document the recurring connection issues I am experiencing with the SaaS application across multiple devices. Despite my efforts to resolve the issue by resetting the devices, updating the firmware, and reviewing network settings, the problems continue. It is possible that the issue is due to network configuration or compatibility problems with various products. After following the troubleshooting steps, the issue remains unresolved. I would greatly appreciate it if you could look into this matter and provide a solution at your earliest convenience. Please.",We have received your email regarding the connectivity issues with the SaaS application. We will investigate the matter and kindly request that you provide your account number so we can discuss further at your convenient time.
"Respected Customer Support, I am contacting you to report a problem with our data analytics dashboard. It has suddenly stopped updating and we have already attempted to restart the system and check the RAM. We believe the problem could be due to a RAM shortage or software conflict. The dashboard is crucial for our operations, and we require it to function without issues. Kindly investigate this matter and offer a solution or guidance on how to fix it. We would greatly appreciate any support you can provide to restore the dashboard. Thanks for your attention and assistance.","Dear <name>, we appreciate your communication regarding the malfunction of your data analytics dashboard. We regret the inconvenience this has caused to your operations. We are ready to assist you in resolving this issue. Could you please share details about your system setup, such as the operating system and software versions, as well as any changes made recently? This information will aid us in identifying the problem and providing a more precise solution. If necessary, we can arrange a call at <tel_num> to discuss further and provide guidance on resolving the issue related to <acc_num>. Thank you."
"Dear Customer Support, we are reaching out to request an update on our product integration options with Salesforce CRM. Our team, currently utilizing several tools to manage projects, believes that enhancing our integration capabilities would significantly improve our workflow. Specifically, we would like to integrate our project management software with Salesforce to enable seamless data transfer and synchronization. This would allow us to track progress, assign tasks, and collaborate more efficiently across different teams.","Thank you for reaching out regarding the update of integration features for Salesforce CRM. We appreciate your feedback and understanding of the benefits of integrating your project management software with Salesforce. To better assist you, could you please provide us with information on the project management software you are currently using and the specific integration capabilities you are looking for? This will help us provide a tailored solution. If needed, we can schedule a call at <tel_num> to discuss at your convenience. We look forward to assisting you."
"experienced data synchronization problems between MongoDB and Zoho Books, impacting operations.",examine the data synchronization issue between MongoDB and Zoho Books and contact support for assistance in resolving it.
"Hello, we have observed a significant reduction of 30% in our website traffic over the course of a single night. Potential causes could be recent algorithm modifications or software issues. After reviewing our analytics and updating our plugins and caching systems, the problem remains unresolved. We require your expertise to address and fix this situation.","Dear <name>, I apologize for the substantial drop in your website traffic over the last night. We appreciate your efforts in investigating the analytics, plugins, and caching. In order to delve deeper into this issue, could you provide some additional information about your website, including the platform it runs on and any recent modifications you have made? Additionally, have you encountered any error messages or experienced any delays in loading times? I would like to arrange a call to discuss this matter further. Please inform me of a convenient time, and I will ensure to contact you at <tel_num>."
I am attempting to integrate the Joomla SaaS project management solution. Could you provide detailed documentation and guidance on the integration process? I would greatly appreciate any resources or support you can offer to help me successfully complete the process.,"<name>, thank you for your interest in integrating the Joomla SaaS project management solution. A detailed guide on our website outlines the integration process. We can provide personalized support; please provide us with <acc_num> so we can look into your specific setup. If you need further assistance, we can schedule a call at <tel_num> to walk you through the process at your convenience."
"Dear Customer Support, I am contacting you to emphasize the urgency of strengthening encryption measures for medical data storage and transmission across all hospital IT infrastructure. Safeguarding confidential patient information is paramount in the face of escalating cyber threats. I urge you to swiftly implement comprehensive end-to-end encryption for medical data both during transmission and while at rest. This should encompass all devices, such as laptops, tablets, and mobile phones, and ensure that all network-transmitted data is encrypted. Kindly provide updates on the actions you will take and the timeline for these measures. Thanks for your prompt attention to this critical issue.","Dear [Name], we value your communication on the need to bolster encryption protocols for medical data. Protecting patient information is a top priority, and we are committed to enhancing our security systems. We are currently evaluating our encryption practices to ensure they align with the highest standards. To address your concerns, we will thoroughly examine our IT systems and devices to pinpoint areas for enhancement. We will update you on the steps we will undertake and provide a timeline for implementation. If you wish to discuss this further, please suggest a convenient time for us to contact you at [Tel Number]. We will keep you informed of our progress in strengthening medical data security."
"Dear Customer Support, I am inquiring about the API integration capabilities for our project management SaaS. Could you please provide details on the available APIs, their functionality, and any documentation or support resources you offer? It would be greatly appreciated if you could share examples of successful integrations that other customers have implemented. This information will help me better understand the platform and meet our project management needs. Thank you for your assistance. I look forward to hearing from you soon. Regards, [Your Name]",We offer various APIs for integration. Please visit our website for documentation and support resources. We can also send examples of successful integrations and discuss further by calling <tel_num>. 
"Customer Support, please draft enhanced security measures for managing medical data in hospital systems. The current system has multiple vulnerabilities that could jeopardize the confidentiality, integrity, and availability of sensitive patient information. We recommend strengthening data protection by implementing advanced encryption techniques, secure data storage solutions, and robust access controls. Regular security audits and penetration testing should also be conducted to identify and address any potential weaknesses. Your assistance is appreciated.",We will review your request and provide a plan to enhance the medical data security protocols within the hospital systems.
"Customer Support, I am writing to request enhancements in security measures for managing medical data in a hospital setting. Ensuring compliance and data integrity are crucial in the healthcare industry. I would like to propose the implementation of advanced encryption methods, regular security audits, and staff training in data protection practices. Additionally, it would be beneficial to establish an incident response plan and conduct regular penetration testing to identify vulnerabilities. I believe these measures would significantly improve our security.","<name>, we appreciate your email regarding enhancements to security measures for managing medical data in a hospital setting. We understand the importance of ensuring compliance and data integrity within the healthcare industry. The proposed implementation of advanced encryption methods, regular security audits, and staff training in data protection practices are viable options. Establishing an incident response plan and conducting regular penetration testing are crucial steps in identifying vulnerabilities. We would like to discuss this further."
"The investment analysis platform is producing inconsistent data outputs, which may be due to potential software integration issues. Steps taken to resolve the issue, such as rebooting the system and updating applications, have not resolved the problem. Assistance is required.","Dear customer, \n\nI have received your email regarding the inconsistent data outputs from the investment analysis platform. It is noted that you have already attempted to resolve the issue by rebooting the system and updating applications, but the problem still persists. I would like to assist in resolving this issue. To better understand the problem, could you please provide details on the inconsistent data outputs you are experiencing, including any specific errors or discrepancies you are seeing? Additionally, I would like to schedule a call to further discuss this matter."
Could you provide documentation on integrating SQL Server with data analytics tools? I am looking for guides and tutorials to begin the integration process.,"Certainly, we provide a range of guides and tutorials on our website for integrating SQL Server with data analytics tools. Please check our support page for further details and resources to kick-start your integration."
"Noticed a decline in brand engagement metrics. Recent modifications to our marketing strategies might be the reason. We have reviewed the updated campaigns and observed some positive changes, but further details are needed.","<name>, we are addressing the decline in engagement metrics. To better understand the situation, could you please provide details on the recent marketing strategy changes and the adjustments made to the campaigns? This will help us identify the root cause and provide a suitable solution. If you are available, we can schedule a call at a convenient time to discuss further. Please let me know a suitable time to reach you at <tel_num>. We are here to assist in resolving the issue with your engagement metrics <acc_num>."
"The data analytics dashboard did not update during the night because of insufficient NAS storage or possible AWS connection problems. Restarted Ansible and Zapier connections, reviewed QNAP TS-453D logs.","Dear <name>, we appreciate you notifying us about the Data Analytics issue. We are examining the QNAP TS-453D logs and the Ansible and Zapier connections you restarted. For further investigation, could you confirm the current storage space available on your NAS and the status of your AWS connection? If necessary, we can schedule a call at <tel_num> to discuss further; please inform us of a convenient time. We will address the issue with your Data Analytics dashboard as soon as possible, concerning your <acc_num>."
"Customer Support, seeking advice to optimize investment analytics using Scikit-learn on macOS for a financial firm. Currently leveraging Scikit-learn for data analysis and machine learning tasks but facing performance challenges. Could you guide on how to optimize workflows and improve performance? I would greatly appreciate recommendations and best practices for Scikit-learn on macOS. Additionally, please share specific configuration settings that can be adjusted to enhance performance. Thank you for your assistance.","Guidance for optimizing Scikit-learn performance on macOS, please share details about your current workflow and the performance issues you are encountering. I will recommend best practices and configurations to improve performance."
"The software unexpectedly crashed during project updates, impacting the linked tools. This might be due to recent updates causing compatibility issues. I have attempted to reboot the system and reinstall the affected applications, but the issue still persists.",Investigating the issue with the software updates. Please provide the version numbers of the affected applications and the exact error message you are seeing. Contact <tel_num> to discuss the next steps.
"Greetings Customer Support, I am contacting you to address a serious problem with our project schedule. Lately, our project schedule has become dysfunctional, causing the loss of all team tasks. We suspect that this may be related to an incompatibility with Adobe Premiere Pro 2021. Despite restarting PostgreSQL and troubleshooting the Joystick settings, our efforts have not succeeded in fixing the issue. We would be extremely grateful if you could provide us with your assistance to resolve this as quickly as possible. Kindly inform us if there is any extra information you need from us to help with the solution. Thank you for your understanding and cooperation. Sincerely, [Your Name]","Hello [name], I regret to learn that you are facing difficulties with your project schedule. I am here to help you address this issue. To better comprehend the problem, could you provide detailed information about the integration with Adobe Premiere Pro 2021 and any error messages you are encountering? Also, it would be useful to know the version of PostgreSQL you are currently using. If possible, I can also contact you at <tel_num> to discuss this further. Please let me know a convenient time for the call. I will do everything I can to assist in recovering your project schedule and team assignments as swiftly as possible."
"Good day, Customer Service Team. I am inquiring about an anomaly with our campaign data. It vanished unexpectedly overnight. We believe the recent Node.js 14.17 upgrade might have led to compatibility problems. We have attempted to restart the server and examine the Airtable logs, yet the issue remains unresolved. Can you provide guidance on how to proceed? Please inform us if there are any further actions we can take to resolve this. Your prompt assistance is greatly appreciated. Sincerely, [Your Name]","Hello [Name], thank you for informing us about the campaign data issue. We regret the inconvenience. To better understand the compatibility issues with Node.js 14.17, could you furnish us with the Airtable logs and server specifics? We will review the provided data and offer additional troubleshooting steps. Should a deeper discussion be required, we can arrange a call at [Phone Number] to address the matter further. Kindly indicate a convenient time for the call. We are committed to resolving this issue swiftly for account [Account Number]."
"Customer Support, I am reaching out to request enhancements to our security measures for managing medical data in our hospital systems. Currently, we use Airtable and Bitbucket for data management, and I believe additional security measures are necessary to ensure the confidentiality and integrity of sensitive medical information. I would like to propose the implementation of multi-factor authentication, regular security audits, and encryption for data in transit and at rest. I believe these measures will significantly improve the security of our systems and protect patient data.",We appreciate your proposal for enhanced security measures. Please contact us at <tel_num> to discuss the implementation options and schedule a meeting with our team.
"There was an issue with accessing data, specifically medical records, which might be related to outdated security protocols. We have updated the antivirus software and performed a preliminary security review.",Please review the incident and contact +1-800-555-1234 to discuss potential solutions for the data access problem.
I would like to seek information on integrating Airtable with Cassandra to improve our data analytics and investment optimization tools. This integration could significantly benefit our business by offering more precise and efficient data analysis. I would greatly appreciate any advice or assistance you can provide for setting up this integration. Kindly inform me if there are specific prerequisites or steps I should follow. I am eagerly waiting for your response and excited to explore the potential of this integration. Thank you for your time and support.,"I am pleased to assist you with integrating Airtable with Cassandra. In order to move forward, I require additional details about your current infrastructure and needs. Could you please share information regarding your Airtable and Cassandra setups, including their versions and data structures? Based on this information, I can guide you through the integration process and offer any necessary support."
"Hello Customer Support, I am contacting you to report a recent anomaly in the metrics of my digital campaign. This might be due to an integration issue. Although I have attempted to reset both my QuickBooks and Mailchimp integrations, the problem still exists. I hope you can look into this and offer a solution promptly. If there is any more information you need from me to resolve this, please let me know. Thank you for your time and help. I eagerly await your response.","Hello <name>, thank you for bringing the issue of the digital campaign metrics discrepancy to our attention. I apologize for the inconvenience this has caused despite your efforts to reset the QuickBooks and Mailchimp connections. To better understand the issue, could you provide further details about the metrics that are affected and any error messages you have received? Additionally, I would like to arrange a call with you to discuss this further. Could you be available for a call at <tel_num>, or do you prefer a different time?"
"Hello customer support, I am writing to seek details about the data analytics tools that can enhance investment strategies for financial firms. Could you furnish me with information regarding the tools available and their capabilities? It would be great if you could share any relevant case studies or success stories as well. Moreover, I am interested in learning about the pricing and the implementation process for these tools. I look forward to your response and exploring how these tools can benefit our financial firm. Thank you for your support. Best regards, [Your Name]","Dear [Your Name], we provide several data analytics tools designed to improve investment strategies for financial firms. I would be delighted to go into more detail about the features, pricing, and implementation process. Let's schedule a call at your earliest convenience to discuss these aspects in greater depth and address any questions you might have."
Users are facing delayed access to the project dashboard owing to higher traffic and inefficient database queries.,"We will look into this, optimize the queries, and enhance the loading times for the project dashboard. Please provide your account number <acc_num> so we can address this issue promptly."
"Dear Customer Support, I am contacting you to ask about the data analytics tools you provide for investment optimization services. Could you share a list of the tools and platforms you use to analyze investment data and optimize investment portfolios? Specifically, I am keen to learn about your risk management and portfolio optimization services. Additionally, I am interested in knowing if you have any machine learning or AI-based solutions for investment optimization. It would be great if you could also give me some case studies or examples of how your data analytics tools have helped clients meet their investment objectives. Thank you for your time and assistance. I look forward to your response. Best regards, [Your Name]","Dear [Your Name], thank you for your inquiry about our investment optimization services. We provide a variety of data analytics tools and platforms designed to analyze investment data and optimize portfolios. Our services encompass risk management and portfolio optimization, as well as machine learning-based solutions. I am happy to provide more details and case studies. Could you please let me know a convenient time for a call to discuss further? You can contact me at [tel_num]."
"Hello Customer Support, I am writing to request an update to our maintenance schedule. During peak usage hours, the service experiences significant downtime, leading to lost productivity and revenue. I kindly request that the maintenance schedule be revised to minimize downtime during these hours, as this would greatly improve the overall service performance and user experience. I would appreciate it if this matter could be addressed as soon as possible. Please let me know if there is any additional information needed.","Dear [Name], we have received your request to update the maintenance schedule to minimize downtime during peak usage hours. We will investigate this matter and require any additional information you may have. Please allow us to review and propose a revised schedule as soon as possible."
"I am encountering an undesired medical data access denial scenario. My login credentials have suddenly stopped working, which might be related to a change in password policies. Despite restarting my device, verifying my credentials, and referring to the user manual, the problem remains unresolved.","Dear <name>, I apologize for the inconvenience you are facing with your healthcare data access. It seems you have already taken steps such as restarting your device, checking your credentials, and reviewing the user manual. To better assist you, could you please share any specific error messages you are seeing? Also, I would like to schedule a time to discuss this further. Please let me know a convenient time for you to speak at <tel_num>. I aim to resolve the issue with your account <acc_num> as quickly as possible."
"Hello, I am inquiring about the best practices for securing medical data when utilizing Snagit and KNIME. Given that I handle sensitive medical data, I am keen on ensuring that all necessary steps are taken to protect patient information. Could you offer some guidance on securely storing and transmitting medical images and data using these tools? I would greatly appreciate any recommendations you have for data encryption, access control, and adherence to relevant regulations. I look forward to your response and am eager to hear from you soon.","Certainly, I can assist you with securing medical data when using Snagit and KNIME. For compliance with regulations, I suggest encrypting data, controlling access, and using secure storage solutions. We can delve into specific best practices and recommendations suited to your needs. Could you please share more details about your current setup and workflow? Additionally, I would like to arrange a call to further discuss this, are you available at <tel_num> at your convenience?"
Could you recommend tools for optimizing investment portfolios?,"Dear [name], thank you for contacting us about optimizing investment portfolios for your firm. We provide various tools to assist in this process, such as our portfolio management software and investment analytics platform. These tools offer real-time data and insights to aid in making well-informed investment decisions. I am available to discuss these options further with you. Please let me know if you are interested in scheduling a call to explore how our tools can support your firm's investment objectives."
"We are encountering frequent outages with the data analytics tools, which are essential for investment optimization. Rebooting the servers and checking the network settings resolved the issue.","<name> has acknowledged the issue with the data analytics tools performance and frequent outages, which are affecting investment optimization. They understand that rebooting the servers and checking the network settings resolved the issue. They would like assistance in resolving the matter and request details on the frequency of outages and any exact error messages received. This information will help them better understand the issue and provide an accurate solution. They may require a call to discuss the matter further."
Seek information on securing medical data using OBS Studio 27 and Smart-Home-Kamera applications to maintain confidentiality and comply with regulations.,Offer general security guidelines for OBS Studio and Smart-Home-Kamera applications to ensure confidentiality and regulatory compliance for medical data.
"We are seeking information on digital strategies to enhance brand growth. Could you provide detailed methods to increase brand awareness and engagement? We would greatly appreciate any information shared on this topic, including specific tactics and techniques used by successful companies.","Hello, thank you for reaching out to us. We would be happy to discuss digital strategies for brand growth with you. We utilize various methods such as social media marketing, email campaigns, and content creation to increase brand awareness and engagement. Successful tactics include targeted advertising and influencer partnerships. Please let us know a convenient time to schedule a call with one of our experts."
"Hello Customer Support, I am reaching out to address an encryption incident on our server. It appears to be a software anomaly that has emerged. After executing several diagnostic measures, such as restarting the server and examining the configuration parameters, the issue continues to be unresolved. My efforts to pinpoint the cause of the problem have been unsuccessful. Due to this encryption problem, our operations are severely disrupted, and I would greatly appreciate your immediate assistance in addressing this situation. I need your help in tracing the origin of the issue and devising a solution to fix it. Kindly inform me if there are additional actions I should undertake or if you need further data from me. I have restarted the server multiple times, yet the issue still persists. Additionally, I have reviewed the configurations but did not find any errors. I am unsure of what to do next and am relying on your expertise to resolve this encryption issue. Any advice or support you can provide would be greatly appreciated. Thank you for your attention and assistance. I look forward to your prompt response and am available to offer any further information or to address any questions you might have. Thank you once again for your help.",We will assist you with the encryption problem. Please send us the server logs and configuration details to aid in our investigation and resolution.
"Dear Support Team, we encountered an incident involving a breach of medical data. Unauthorized access to patient records occurred due to inadequate encryption. Steps taken so far include restarting the KVM-Switch and reviewing Wi-Fi settings. Kindly provide further instructions on how to proceed.","Given the seriousness of the medical data breach, we are initiating an immediate investigation. For a smoother resolution, please share more details regarding the unauthorized access and your current network configuration. This information will help us take the necessary actions to secure patient records."
Which digital tactics can boost brand growth when integrating with Microsoft SQL Server 2019?,"To enhance brand growth through integration with Microsoft SQL Server 2019, a variety of digital tactics can be utilized. For instance, data analytics and business intelligence tools can provide valuable insights into customer behavior and preferences. A well-structured e-commerce platform integrated with SQL Server 2019 can also improve customer experience and streamline transactions. Moreover, leveraging cloud services and artificial intelligence can optimize operations and increase scalability. I am ready to delve deeper into these tactics and tailor them to your specific requirements. Would you prefer a call at your convenience to discuss further?"
"There has been an issue with processing payments for several software subscriptions. The payment gateway unexpectedly declined the transaction. Despite restarting my device and verifying my account balance, the problem remains unresolved. I believe it could be related to an expired credit card or overdrawn limit.","Dear <name>, we regret to inform you about the payment processing difficulties with your software subscriptions. To address this, please confirm the expiration date of your credit card and your current account balance. Should the issue continue, kindly provide your <acc_num> and a suitable time for us to contact you at <tel_num> to delve further into the matter. Alternatively, consider updating your payment method or contacting your bank to review any card limitations. We are here to assist you in resolving this issue."
"We have encountered a data breach in our hospital systems, impacting patient privacy. This may have happened due to vulnerabilities in software integrations. Despite implementing enhanced security measures and updating software, the issue still persists. We kindly request your immediate assistance to resolve this matter as soon as possible to ensure the security of patient data.",review and contact us promptly to discuss the details of assistance
"I appreciate your interest in our data analytics solutions designed to optimize investment strategies. Our services encompass data analysis and reporting, predictive modeling, and portfolio optimization. We utilize advanced tools and techniques to assist clients in making informed investment decisions. To provide you with specific details, could you please let us know the type of investments you are interested in and any current challenges you are facing? This will allow us to tailor our services to better meet your needs.","Thank you for your interest in our data analytics solutions aimed at optimizing investment strategies. Our services include data analysis and reporting, predictive modeling, and portfolio optimization. We employ advanced tools and techniques to help clients make informed investment decisions. For more specific details, could you please inform us about the type of investments you are interested in and any current challenges you are facing? This will enable us to tailor our services to better suit your needs."
"Is it possible to get more information on data analytics tools for optimizing investments? Particularly, I am interested in their features and integration capabilities.","I can provide details on data analytics tools for optimizing investments. These tools include features such as portfolio tracking, risk analysis, and performance metrics. They also offer integration capabilities with various financial platforms. For a detailed overview, please specify the specific integration capabilities you are interested in, and I would be happy to discuss scheduling a call for your convenience to address any questions you may have about the tools."
"Facing issues with a report writing task due to a corrupted USB-Stick that holds sensitive medical data. The corruption might have happened due to improper ejection or malware. Despite running antivirus scans and trying data recovery, the issue remains unresolved. Currently, troubleshooting storage devices like the Western Digital Book Duo to identify the cause and potential solution. Would greatly appreciate any assistance or guidance from your team to address this matter and recover the data.","Service Desk is assisting with the issue of a corrupted USB-Stick containing sensitive medical data. We understand that you have already run antivirus scans and attempted data recovery without success. To assist you better, could you please provide details of any error messages you have received and the troubleshooting steps you have taken so far? It would be helpful if we could discuss this further over the phone. Please let us know a suitable time for your call."
I am keen on learning about data analytics tools for improving investment decisions. Could you suggest any tools or resources? I would be grateful for any advice on how to begin with data analysis for investment purposes.,"Dear customer, <br>I am delighted to assist you with information on data analytics tools for investment optimization. Tools such as Excel, Tableau, and Power BI can aid in data analysis and help you make informed investment choices. Additionally, platforms like Coursera and edX provide courses on data analysis relevant to investments. To start, I suggest identifying your specific needs and goals, then exploring the available tools and resources. If you wish to delve deeper, I can call you at a convenient time to offer more personalized guidance. Please let me know a suitable time for a call or if you have specific questions or requirements. I look forward to assisting you with your query about data analytics tools for investment optimization."
"Looking to integrate Docker 20.10 into our project management SaaS solution. Could you provide details on the integration process, necessary configurations, and compatibility requirements? I would greatly appreciate any guidance or resources to help us get started.","We appreciate your interest in integrating Docker 20.10 into your project management SaaS solution. We will assist with the integration but need more information about your current setup and specific requirements. Please provide details about your existing infrastructure so our team can review and provide the necessary guidance on configurations and compatibility requirements. If needed, we can schedule a call at <tel_num> to discuss further. Alternatively, you can reply via email to provide the requested information and move forward with the next steps."
"A variety of digital strategy solutions are available to enhance brand growth and development services. Our offerings encompass social media marketing, search engine optimization, pay-per-click advertising, and content creation. Additionally, we provide website design and development, email marketing, and analytics reporting to monitor the effectiveness of our initiatives. In order to identify the optimal strategy for your brand, we require details about your specific goals and objectives. Could you provide more information on your brand and your desired outcomes from our services? I am willing to schedule a call at a convenient time for you. Please indicate a suitable time and I will contact you at <tel_num> to discuss your digital strategy options.","We provide a diverse array of digital strategy solutions to promote brand growth and development services. These include social media marketing, search engine optimization, pay-per-click advertising, and content creation. We also supply website design and development, email marketing, and analytics reporting to assess the success of our campaigns. To tailor the best strategy for your brand, we need to know your specific goals and objectives. Please share more details about your brand and your aspirations for our services. I am available to discuss further by phone. Please suggest a time that works for you and I will contact you at <tel_num>"
"Dear Customer Support, I would like to seek assistance with integrating data analytics tools into investment software to enhance portfolio management and performance tracking. This integration would empower investors to make well-informed decisions based on real-time data and gain a deeper understanding of their portfolio's risk, asset allocation, and returns. By identifying areas for improvement, investors can refine their investment strategies. I am keen to receive your guidance and support in this endeavor and thank you in advance for your assistance.","Respected <name>, we value your interest in integrating data analytics tools with investment software. Our team is ready to offer guidance and support to optimize your portfolio management. Kindly share more information regarding your existing software and specific needs. We will arrange a call at your convenience to discuss further and explore suitable solutions. Thank you for your time and cooperation."
"Greetings Customer Support, I am contacting you to seek information on the analytics tools your organization leverages for optimizing investment portfolios for individual clients. Could you kindly share specifics about the tools and technologies utilized to analyze market movements and facilitate data-driven investment choices? I would greatly appreciate any insights provided on how these tools aid in tailoring investment plans for each investor. Thank you for your attention and assistance. I eagerly await your response.","Hello [name], thank you for your inquiry regarding our analytics tools for optimizing investment portfolios. We utilize a blend of proprietary and third-party tools to analyze market fluctuations and make informed investment decisions. I am ready to delve deeper into this topic with you. Could you please suggest a convenient time for a callback at [tel_num] so I can offer more detailed information on how we customize investment strategies for each client?"
"Facing problems with the project management tool. An error arose when trying to integrate with different software products, which has impacted the functionality. I suspect the issue is due to compatibility problems between the software versions and operating systems. Despite updating drivers and reinstalling applications, the problem continues. I would greatly appreciate your assistance in resolving this matter, as it is affecting my work. Please let me know if you need additional information or if scheduling a call at <tel_num> would be convenient to discuss known solutions and potential fixes.","<name> received your email regarding the issues with the project management application. To assist further, could you please provide details on the software versions and operating systems you are using? We would like to investigate the compatibility issues mentioned. If needed, we can schedule a call at <tel_num> to discuss the matter and explore possible solutions. Please let me know a convenient time for you. We aim to resolve the issue as soon as possible."
A team member has noted discrepancies in the data analytics. These might be due to software misconfiguration. Previous efforts to fix the issue involved restarting the analytics tool and recalibrating data inputs. We require your help to resolve this problem.,Please provide detailed assistance immediately.
"Greetings Customer Support, I am contacting you to report a slow loading issue with our website. The problem was encountered when I attempted to access the site, and it took an inordinately long time to load. Upon examination, I discovered that the problem is due to limited server resources. I have attempted to address the issue by restarting the server and clearing the cache, but the problem still persists. I would be grateful if you could look into this and offer a solution promptly. If there is additional information you require from me, please let me know. I am looking forward to your response and hope to hear from you soon. Thank you for your time and assistance. Despite my efforts to troubleshoot, the issue remains unresolved. With your help, I am confident that we can resolve this and ensure the website operates smoothly. I appreciate your attention to this matter and look forward to your response.","Hello <name>, We acknowledge your email regarding the slow loading of the website. Thank you for the detailed explanation of the issue and the troubleshooting steps you have already undertaken. Since restarting the server and clearing the cache have not resolved the issue, we need more information to investigate further. Could you please share your server configuration details and any error messages you are encountering? If necessary, I can arrange a call at <tel_num> to discuss this in more detail and provide a tailored solution. Kindly share a suitable time for the call. We will work to solve this issue and ensure the website runs smoothly as soon as possible."
I require to update my payment details for my subscription. Could you provide me with instructions on how to proceed?,"To update your payment details, please log in to your account on our website and navigate to the settings section, where you can manage billing information, or contact us at <tel_num> for assistance. We will guide you through the process using your account <acc_num>."
The connection between Discord and Moodle has unexpectedly stopped working. I have restarted the servers and reviewed the logs.,"Hello <name>, we regret to inform you that there has been an issue with the Discord Moodle integration. Could you please provide more details regarding the error message you are encountering so we can investigate this further? Additional information may be needed, and we may need to contact you for more details. If it's convenient, could we discuss this issue over the phone? You can be reached at <tel_num> if that works for you."
Could you provide details on the scalability features of your project management SaaS solution? I am particularly interested in learning how it supports large teams and projects. Are these features designed to ensure seamless scalability? Thank you for your time and assistance. I look forward to hearing from you soon.,"Dear [Name], thank you for your email regarding the project management SaaS solution. Our solution is designed to support large teams and projects, featuring automatic resource allocation and flexible workflow customization. We offer scalable storage and bandwidth to ensure seamless performance. I would be happy to discuss this further with you. Please let me know a convenient time to call at [Tel Number] to provide you with detailed information on the scalability features."
Request to improve security measures in medical data management systems within a healthcare setting to protect sensitive patient information.,"<name>, we take security of medical data very seriously and are committed to protecting sensitive patient information. We recommend enhancing security measures in medical data management systems by implementing encryption, secure access controls, and regular software updates. We would be happy to discuss and provide a customized solution for your healthcare environment. I would be available to call at your convenience to discuss the next steps. Please let me know a suitable time to reach you at <tel_num>."
"We need to ensure the security of medical data by implementing strong encryption measures across all hospital IT systems and devices. This is to guarantee the confidentiality, integrity, and availability of patient information. We propose using encryption methods like AES and SSL/TLS to secure data both in transit and at rest. Furthermore, we must establish secure authentication and access controls to prevent any unauthorized access.",We will review your request regarding the implementation of encryption for medical data security and will contact you at <tel_num> to go over the details of the implementation.
"Experienced performance problems with the project management SaaS, which integrates multiple products. This might be due to high resource demands from software such as MATLAB and AutoCAD. Tried clearing the cache, restarting devices, and reinstalling the affected software, but the issue still persists. I would greatly appreciate your assistance in resolving this matter, which is affecting my productivity. Please inform me of any additional steps I can take if there is a known solution. I am looking forward to your response soon.","Acknowledging the performance issues with the project management SaaS. Appreciate the troubleshooting steps you have already taken. To assist you further, could you please provide details of your system configuration and any exact error messages you are experiencing? This will help us investigate the issue and provide a suitable solution. If needed, we can schedule a call at your convenience to discuss the matter further. Please let me know a suitable time for the call at <tel_num>."
Is there detailed information on the data analytics features in Smart-Tracker that could optimize investments? I am keen to learn about the tools and insights that can assist in making informed decisions. Thank you for your time and assistance. I look forward to hearing back soon.,<name> would be happy to provide information on Smart Tracker's data analytics features that optimize investments. The tool offers various insights and portfolio tracking capabilities to help make informed decisions. Contact <tel_num> to discuss and answer any questions you may have regarding Smart Tracker's features and benefits.
I am seeking data analytics tools to optimize my investment portfolios for achieving high returns. Could you recommend any tools or services that could assist me in this endeavor?,"We provide data analytics tools for optimizing investment portfolios. I can recommend some options, but please provide more details about your requirements for a tailored suggestion."
Request to implement enhanced security measures for the handling of medical data in hospital systems. Ensure compliance with relevant regulations to protect sensitive patient information. Consider it essential for maintaining trust and preventing data breaches.,Review and implement enhanced security measures for medical data handling to ensure compliance and protect sensitive patient information.
"The investment analysis dashboard encountered a crash, leading to the loss of data. It has also frozen and become unresponsive. Potential reasons for this issue may involve an overloaded PostgreSQL database. I have already attempted to restart Nuendo and checked the KVM-Switch, but the problem continues. I would greatly appreciate your help in addressing this concern and recovering my lost data.",I am examining the issue with your investment dashboard and suspect a possible overload on the PostgreSQL database. I will reach out to you at <tel_num> to discuss the next steps for resolving the issue and recovering your lost data. Could you please provide a suitable time for me to contact you?
"Seeking advice on securing medical data within a Ubiquiti UniFi Dream Machine setup in a hospital environment. Would appreciate guidance on configuring the system to ensure the security and integrity of sensitive medical information. Recommendations on best practices for implementing robust security measures to protect against potential threats would be greatly appreciated. Additionally, would like to know about specific features and settings that can be configured to ensure compliance with relevant regulations and standards.","For securing medical data on a Ubiquiti UniFi Dream Machine, it is recommended to configure WPA2 encryption and implement a strong firewall policy. This will help ensure compliance with relevant regulations and standards. I am happy to discuss this further and provide detailed guidance at your convenient time."
"Reporting intermittent performance issues on the SaaS platform while accessing project files. The issue might be related to insufficient RAM or network instability, especially with NAS wireless connections. Despite restarting networking equipment and optimizing storage settings, the problem persists. I would greatly appreciate assistance in troubleshooting and resolving this issue to ensure seamless access to project files. Please let me know the next steps to resolve this matter.","To assist with troubleshooting the performance issues on the SaaS platform, please provide details on your network setup and any error messages you are receiving. You can also contact us at <tel_num> for further discussion."
Incorrect invoices have been issued to clients because of erroneous data input. I have reviewed the client profiles and examined the invoice templates.,"Dear <name>, we are investigating the discrepancy with the erroneous invoices issued to clients due to incorrect data input. Your verification of client profiles and review of invoice templates is helpful. To proceed, could you provide information about the specific invoices and clients involved? Alternatively, we can discuss this further at your convenience by calling at <tel_num>."
"Respected Customer Support Team, I am contacting you about a problem that has arisen with my subscription. There have been inexplicable charges on my account, which I suspect may be due to a potential issue with the billing system. After examining my account details and recent invoices, I have found no errors, but the problem still remains. I would be very grateful if you could thoroughly investigate the situation and offer a solution at your earliest convenience. Please notify me if you require any further details to help with this process. I trust your support will enable a swift resolution. I am eager to hear from you soon. Kind regards, [Your Name]","Honorable <name>, I am examining the unplanned charges against your subscription account <acc_num> as you have described. To assist you better, could you please specify the date and amount of the unexpected charges? Also, if you have any pertinent invoices or receipts, please forward them. I may need to contact you at <tel_num> to discuss this further; are you available to talk at a suitable time? I will strive to address this matter as quickly and effectively as possible. Please inform me if any additional information is required from you."
Is it possible to get details on data analytics services that can optimize investments? Thank you.,"Dear [Name], we appreciate your interest in our data analytics services for optimizing investments. Our team offers tailored solutions to help clients make informed decisions. For further discussion, please contact us at [Tel Num]."
In need of assistance,"Certainly, we can assist you in crafting a digital strategy to enhance brand growth. Let's explore your goals and budget to form a customized plan that aligns with your requirements. Please share more information about your brand and your desired outcomes."
"I am contacting you to seek information about data analytics tools that are compatible with QuickBooks Online to enhance investment optimization. I currently use QuickBooks for my business accounting and wish to elevate my investment strategy. Could you kindly provide a list of compatible tools and a brief description of each? Furthermore, I would appreciate any guidance on how to start integrating these tools and optimizing my investments. Also, I would like to know about any specific system requirements or limitations associated with these tools. I am eagerly awaiting your response and am open to discussing the possibilities of investment optimization with QuickBooks Online. Thank you for your support.","Certainly, I would be glad to assist you in finding data analytics tools that integrate with QuickBooks Online for investment optimization. Our platform supports multiple compatible tools for this purpose. However, to give you a more tailored recommendation, it would be helpful to know more about your current setup and specific needs. Would it be possible for us to schedule a call at a time convenient for you to discuss this further and explore the best options for investment optimization with QuickBooks Online?"
"Customer Support, I am inquiring about data analytics services that could optimize investment strategies. Could you provide details on the types of services you offer to assist in making informed investment decisions? I am particularly interested in understanding your approach to data analysis and how it can help clients achieve their investment goals. Additionally, I would appreciate information on the cost and implementation process for your services. I look forward to hearing back from you regarding the services that could help optimize my investments.",We can provide information on our data analytics services. Please allow us to contact you at <tel_num> to discuss further.
"I am encountering difficulties with the data visualization function. Particularly, the investment trends are not showing up. I have already restarted my device and verified if there were any updates, but the issue still exists. I believe the problem could be related to outdated software or incorrect settings. Could you please help resolve this matter? Your advice or troubleshooting steps would be greatly appreciated. Please inform me if you require additional details from me.",I can help you with the data visualization issue. Could you please share your account number and the version of the software you are using? I will guide you through the troubleshooting steps or provide an update as needed to address the problem with the investment trends display.
Could you recommend data analytics tools for investment optimization that are compatible with macOS Monterey? These tools should aid in making well-informed investment choices. Please list any tools that you think are suitable for this purpose.,"Dear <name>, we provide a range of data analytics tools for investment optimization on macOS Monterey. Our available options include spreadsheets, statistical software, and specialized investment apps. To offer a more personalized solution, could you please share more details about your specific investment requirements and objectives? I'm keen to discuss this further with you and would appreciate it if you could suggest a suitable time for a call at <tel_num> regarding your <acc_num>. Looking forward to your response."
The company encountered delays in data processing for investment analytics reports due to a software update.,"We apologize for the delay in data processing. Please provide details about the software update, and we will look into resolving the issue as soon as possible."
Discrepancies in billing have been identified,"Dear [name], I am writing to acknowledge the issue regarding medical data security and the billing discrepancies found. To better understand the situation, could you please provide details of the discrepancies and relevant account information, [acc_num]? This will assist in our investigation. Additionally, a call at your convenience on [tel_num] would be helpful to discuss the matter further. Please let me know a suitable time for the call."
The analytics dashboard on the website is not showing any data.,"Hello <name>,\n\nWe have received your email concerning the issue with the analytics dashboard on your website not displaying data. We apologize for any inconvenience this has caused and are here to help resolve the matter. Could you please provide more details about the specific dashboard and the time frame that is affected? Also, could you confirm your account number <acc_num> so we can investigate further? If necessary, we can schedule a call at a convenient time for a more detailed discussion. Please let us know a suitable time to contact you at <tel_num>. We will aim to provide a timely resolution to this issue.\n\nThank you."
"Hello Customer Support, I am contacting you to request an urgent update of the marketing campaign for Smart-Rauchmelder on Android and macOS. The current campaign is not effectively targeting our intended audience, and we need to adjust it to enhance its effectiveness. Could you please inform me about the procedures required to update the campaign? I would greatly appreciate a quick response to this issue.","Hello <name>, we have noted your request to update the marketing campaign for Smart-Rauchmelder on Android and macOS. In order to proceed with the update, we need further details on the changes you intend to make. Could you please provide specific information on the modifications you wish to implement? I will then guide you through the subsequent steps for updating the campaign effectively. If you prefer, we can schedule a call at your convenience to discuss this further."
"The home page of the website has started to malfunction unexpectedly. It might be due to a plugin that is out of date or a coding mistake. I have restarted the server and reviewed the logs, but the problem still exists. I would really appreciate your help to fix this.",I will look into the issue with the website's home page. Could you please share the website URL and more specifics about the error for better assistance?
"Hello Customer Support, I am inquiring about the data analytics services you offer, particularly those that can help optimize investment strategies. Could you provide information on the tools and techniques available for analyzing market trends and predicting investment outcomes? I am interested in learning more about your services to assist me in making informed investment decisions. Additionally, I would appreciate any information you can provide on the costs associated with your services, along with any case studies or testimonials from previous clients. Thank you for your time and assistance. I look forward to your response.","Dear [Name], thank you for your inquiry regarding our data analytics services. We use advanced tools and techniques to analyze market trends and predict investment outcomes. We would be happy to discuss the costs and provide case studies. We are available to call you at [Tel Num], or you can choose a later time that is convenient for you."
Regular crashes are experienced while updating projects on ClickUp using a MacBook Air.,Immediate information needed
An unauthorized access attempt was detected on our hospital systems due to outdated software vulnerabilities. We have since updated the software and ensured that the firewalls are properly configured.,We appreciate the update and the steps taken to prevent future occurrences. Please let us know if you need any further assistance regarding the systems security issue.
The application tends to crash during peak hours because of high server load.,"<name> apologizes for the issues you are experiencing with the application crashing during peak hours due to high server load. To better assist, we need the error message and the steps you took before the application crashed. Please provide us with these details so we can investigate further. If you prefer, we can discuss the issue over the phone. Please let us know a convenient time to call at <tel_num>. We are happy to assist with this matter."
"Dear Customer Support, I am writing to inform you of an unexpected data breach related to my medical information. It seems the issue might be due to an outdated CPU cooler causing a system failure. After investigating, I restarted the WLAN router and updated PyTorch, but the problem still persists. It is essential to address this urgently as it involves sensitive medical data. I would greatly appreciate your immediate assistance in investigating and resolving this. Could you provide guidance on the next steps and any preventive measures to avoid similar incidents in the future? Your support is highly valued, and I look forward to your prompt response. Please let me know if you need any additional information to proceed. Kindly respond as soon as possible. Best regards, [Your Name]","Dear [Your Name], we take the reported medical data breach very seriously and thank you for bringing this to our attention. To aid in the investigation, could you provide more details about the system failure and the outdated CPU cooler? We will arrange a call at [tel_num] to discuss further steps and preventive measures. Please let us know a convenient time for you to take the call."
"Hello Customer Support, I am contacting you to seek information on the SaaS project management functionalities that facilitate integration with SAP ERP Central Component 6.0. Our organization is currently utilizing SAP ERP Central Component 6.0 and we are interested in integrating it with a SaaS project management system. Could you kindly furnish me with a list of features that support this integration? Moreover, I would appreciate any available documentation or guides related to setting up this integration. Additionally, I would like to know about any specific prerequisites or constraints that I should be aware of when integrating SAP ERP Central Component 6.0 with your SaaS project management solution. I look forward to your prompt response and assistance. I am eager to hear from you soon. If you require any additional information from my side, please let me know.","Hello <name>, thank you for contacting our support team concerning the integration of SAP ERP Central Component 6.0 with your SaaS project management tool. We can offer you a list of features and relevant documentation to assist with this integration. To better accommodate your needs, could you please provide more details about your current setup and which specific integration features you are interested in? I also plan to arrange a call with you to discuss further; please let me know a convenient time for you."
"The investment optimization tool used by the financial firm accurately processes data analytics. The problem might have arisen due to a recent software update configuration issue. Steps such as restarting affected applications and verifying network connectivity via the VPN-router have been taken, but the issue persists. Your prompt assistance in resolving this issue would be greatly appreciated to minimize any potential losses.","We apologize for the issue you are experiencing with the financial tool's processing of data analytics. We understand the urgency of the matter and appreciate the troubleshooting steps you have already taken. We would like to investigate the issue in more detail. Could you please provide us with information regarding the recent software update and configuration changes made? Additionally, knowing the exact error message you are receiving would be very helpful. We will schedule a call at your convenience to discuss the issue further."
"Hello Support Team, I hope this message finds you well. I am experiencing difficulties with the project dashboard not loading. I suspect a potential MySQL database connection problem. Having already restarted the server and reviewed the Ruby on Rails logs for any errors, the issue still exists. I would be very grateful if you could provide guidance on how to resolve this. Please instruct me on any further actions I should take or any additional details you might need to investigate the problem. Your assistance is greatly appreciated. Kind regards.","Hello, I understand the challenge you're encountering with the project dashboard not loading. We appreciate the troubleshooting steps you've already performed. For better assistance, could you share the precise error message from the Ruby on Rails logs? Additionally, could you provide your account number <acc_num> and I might need to contact you at <tel_num> for a detailed discussion."
"Customer Support, we are inquiring about optimizing brand growth through the use of digital strategies and tech products. We would appreciate insights on how to effectively leverage your services to increase our online presence and reach a wider audience. We are interested in learning about a tailored approach that can meet our specific needs. Thank you for your time and assistance. We look forward to hearing back from you soon. Your guidance is invaluable in helping us make informed decisions for our digital marketing efforts.","<name>, thank you for reaching out. We would be happy to help optimize your brand growth. Our team can provide a tailored approach to increase your online presence. Please contact <tel_num> to discuss any questions you may have. Let us know a convenient time to call."
We have noticed some inconsistencies in the data displayed on the investment analytics dashboard.,Could you please furnish detailed information to assist in the investigation of these discrepancies?
"Hi there, we're reaching out to the customer support team for detailed guidance on integrating SendGrid into our project management SaaS. Our goal is to enhance our communication capabilities by utilizing SendGrid's email services. Could you provide step-by-step instructions and point us in the direction of relevant resources? We would greatly appreciate information on setup, configuration, and troubleshooting. We look forward to hearing back from you to help us successfully integrate the SendGrid platform.","Thank you for your interest in integrating the SendGrid SaaS project management platform. For detailed guidance, please visit our website's resources section to find step-by-step instructions and documentation for setup, configuration, and troubleshooting. If you require additional assistance, please let us know a convenient time to call at <tel_num> for a discussion. Alternatively, you can contact us using <acc_num> for priority support. We look forward to helping you successfully integrate the SendGrid platform."
"Seeking details on future enhancements for the project management SaaS platform. Would appreciate if you could share information on the new features that are planned and expected to be released. Specifically, I am interested in learning about any improvements to the user interface, reporting capabilities, and integration tools. This information would be very helpful in planning and making decisions regarding the use of the platform.","Thank you for your inquiry, <name>. Our team is currently working on several updates. For a detailed email on planned features and release dates, it would be preferable to schedule a call at <tel_num> to discuss further."
Need help in enhancing the optimization of investment tracking.,I am here to assist with optimizing your investment tracking. Could you please share more information about your current tools and your specific requirements?
Is there information available on the practices healthcare providers use to secure medical data?,"Please provide information on securing medical data practices for healthcare providers. If you prefer, we can discuss this further at your convenience."
"I am writing to request a billing adjustment for marketing services related to digital strategies and brand growth initiatives. The services provided did not meet our expectations, and we believe an adjustment is necessary. We would greatly appreciate it if you could review our account and make the necessary adjustments as soon as possible. Please let us know if there is any additional information you need to facilitate this request.","We will review account number <acc_num>, assess the marketing services provided, and determine if a billing adjustment is warranted. Please allow us to investigate and we will get back to you soon with an update."
Seeking pricing details,"I am able to furnish you with the information on Azure SQL pricing plans. You may visit our website, or I can arrange a call to go over the details."
"Respected customer support, I am contacting you to ask about analytics tools that work with QuickBooks Online to optimize my investments. I need your help to know which tools are available that assist in making data-driven decisions and enhancing my business's financial performance. Specifically, I am interested in tools that can offer insights into cash flow, revenue, and expense management. Can you please provide me with a list of compatible analytics tools along with their features? I would be grateful for any advice or recommendations you can give. Thank you for your time and help. I am looking forward to your response soon.",I will look into compatible analytics tools for QuickBooks Online and get in touch with you at your preferred time to go over the options and features.
"Dear Customer Support, I am contacting you to report an issue with our digital marketing campaigns. The campaigns have not been able to launch, and we believe that there may be technical issues with the integrations. Despite attempting to restart the systems and checking the connections, the problem continues. We would be grateful if you could investigate this and provide a resolution as quickly as possible. Please inform us if you require any further details from our side. We are eagerly awaiting your response. Warm regards, [Your Name]",I will examine the issue with your digital marketing campaigns and will call you at <tel_num> for further discussion and to find a resolution.
"Hello Customer Support, I hope this message finds you well. I am writing to seek advice on the security measures that should be employed to safeguard medical data on our hospital's network. As we handle crucial patient information, we are committed to ensuring its protection against unauthorized access. Could you kindly share some best practices for securing medical data? We would greatly appreciate any recommendations you can provide. Thank you for your assistance. Sincerely, [Your Name]","Dear [Your Name], we value your interest in securing medical data on your hospital's network. We recommend implementing encryption, access controls, and regular backups. Additionally, we suggest conducting a security audit to identify potential vulnerabilities. For more specific guidance, I would like to discuss this further with you. Would you be available for a call at your convenience to discuss the best practices for securing medical data on your network?"
"A security breach has been detected in the hospital's systems, potentially compromising the integrity of medical data. This may have occurred due to outdated software components. Although we have attempted to update the systems to enforce stricter access controls, persistent unauthorized access remains. We kindly request immediate assistance to resolve this critical issue and prevent further breaches.",Send a specialist to assess and rectify the issue immediately.
"Facing frequent software crashes across various products, even after reinstallation and compatibility tweaks.","Dear [name], we're sorry to hear you're experiencing software crashes with multiple products despite recent reinstallation and compatibility adjustments. We would like to investigate and provide a solution. Could you please provide specific details about the products and any error messages you receive during the crashes? To schedule a call at a time that suits you best, please let us know a convenient time to contact you at [tel_num]."
"Hello, we are in need of some guidance on optimizing the use of MongoDB 4.4 for our marketing analytics. Our team stores and analyzes large volumes of customer data, and we believe there are ways to enhance our workflow and gain deeper insights from the data. Could you provide some recommendations on how to best utilize MongoDB's features, such as indexing and aggregation, to improve query performance and our data analysis capabilities? We are particularly interested in learning about best practices for data modeling and schema design in MongoDB.","Thank you for your email regarding the optimization of MongoDB 4.4 for marketing analytics. To improve query performance and data analysis capabilities, I recommend reviewing your current indexing strategy to ensure that proper indexing is applied to frequently queried fields. Additionally, using MongoDB's aggregation framework can help simplify complex queries and improve performance. Proper data modeling and schema design are essential, as they ensure efficient data retrieval and overall system performance."
"Hello team, I am contacting you to gather more information on data analytics tools that can be integrated with Drupal for the purpose of investment optimization. I am keen on finding tools that will aid in making informed, data-driven investment decisions. Would you mind providing me with some recommendations or directing me to relevant resources where I can gain more knowledge on this subject? Your support and guidance would be greatly appreciated. Thank you for your attention and help. Regards","Dear [Name], thank you for reaching out to us, we are grateful for your interest in data analytics tools compatible with Drupal for investment optimization. We recommend tools like Google Analytics, along with Drupal modules such as Drupal Google Analytics and Webform. For further information and assistance, I am available to discuss this with you in more detail. Please let me know a convenient time for a call, and I would be delighted to assist you. You can also explore our website for additional resources and support. Best regards"
"Hello support team, I am contacting you to report several unanticipated crashes that happened simultaneously yesterday. It is possible these crashes are due to compatibility problems with the latest macOS update. Despite restarting my devices and updating my drivers, I have not managed to resolve the issue. Could you please offer any help or advice? It would be greatly appreciated. Please inform me if there are any further actions I need to perform or if you require additional data from me.","Greetings <name>, we appreciate your communication regarding the software crash you encountered. We regret hearing that the crashes happened unexpectedly and that your attempts to restart and update your drivers were unsuccessful. To assist you effectively, we need more information. Please could you provide us with specifics about the software that experienced crashes and the precise error messages you received. Could you also confirm which version of macOS you are currently using and when you last installed the update? This will aid us in diagnosing the problem and providing a suitable solution. If necessary, we can arrange a call at a convenient time. Please let us know a suitable time to get in touch at <tel_num>. We value your patience and look forward to resolving this issue for you."
I am inquiring about the installation of a new data visualization tool to boost our investment analytics. The tool should offer interactive and dynamic visualizations to assist investors in making educated choices.,Your request for a new data visualization tool to improve investment analytics has been noted. I will review it and discuss it with our development team. Please contact me at <tel_num> so we can gather further details regarding your needs.
"Customer Support,<br>The marketing strategies are currently facing an issue with brand growth having come to a complete stop, which has led to a decline in engagement. This may be due to the ineffectiveness of the digital channels and content used. Attempts at A/B testing and re-targeting have shown minimal improvement. The team is looking for assistance in revamping and optimizing the marketing approach to better reach the target audience and drive meaningful engagement.","Customer,<br>My name is <name>, and I am here to assist with your marketing strategies concern. I understand that the current marketing strategies have resulted in brand growth stalling, leading to reduced engagement. Already, attempts have been made with A/B testing and re-targeting, but they have shown minimal improvement. To better assist you, could you please provide information on the current digital channels and content being used, as well as your target audience and desired engagement goals? This will help us provide a tailored solution. It would be convenient to schedule a call to discuss this further."
Request update on digital marketing strategies to enhance brand visibility and drive business growth through online channels.,"<name>, thank you for reaching out about digital marketing strategies. I would be happy to help enhance brand visibility and drive business growth. To better understand your requirements, could you please provide information on your current strategies and goals? We can schedule a call at your convenience to discuss and provide a customized solution for your business. You can reach me at <tel_num> to arrange a suitable time."
Which analytics tools can enhance the optimization of investment portfolios for financial firms?,"We provide several analytics tools to optimize investment portfolios for financial firms, such as portfolio management software and risk analysis platforms. These tools offer real-time data and insights to assist firms in making informed investment decisions. To learn more, I propose we schedule a call at your convenience to discuss your specific needs and requirements."
The medical scanner stopped working because its firmware was outdated. I attempted to restart it and check the connections.,"Dear <name>, we regret the inconvenience you experienced due to the malfunction of the medical scanner. To fix this, we suggest updating the firmware to the latest version. If you require help with the update, please contact us at <tel_num> and we can arrange a call to guide you through it."
"The financial analytics software has been experiencing slow performance during peak processing times. This could be due to insufficient hardware resources or software conflicts. Despite attempts to optimize settings and clear cache, the issue remains unresolved. We request your prompt assistance to address this matter.","We will investigate the technical issue with the financial analytics software. Please provide details on the hardware resources and software configuration, especially during peak hours, and any optimization steps you have already taken. You can contact us at <tel_num> for further discussion."
I am contacting you to seek insights into the digital strategies that enhance brand growth for marketing agency clients. Could you offer some examples or details about successful campaigns you have executed? Any information you can share would be greatly appreciated.,"Dear <name>, I'm grateful for your interest in digital strategies that boost brand growth for marketing agency clients. Our team has devised and executed successful campaigns that have led to substantial brand growth for our clients. Key strategies include social media marketing, search engine optimization, and targeted advertising. I would be pleased to give you more specific examples and details. To tailor my response to your needs, could you please provide more information about your current marketing goals and objectives? Alternatively, I can arrange a call at a convenient time to discuss this further. Please let me know your preference."
"Customer support, requesting an update on marketing strategies. We need to leverage digital tools to enhance brand visibility and drive growth across our products. Assistance in reaching a wider audience and increasing sales is needed.",Received the request to update marketing strategies. Please review and contact us at <tel_num> to discuss the details and explore options for the implementation of digital tools.
"Hello Customer Support, I am contacting you to address an issue we are facing with accessing our medical data, which seems to be related to network difficulties. Our system recently received updates, and we have also encountered hardware failures. Consequently, our team is currently unable to access essential medical data. We have attempted various troubleshooting steps, including rebooting the servers, verifying configurations, and updating the antivirus software, yet the issue remains unresolved. I kindly request you to investigate this matter promptly and offer a solution to recover access to the medical data. Please inform me if any additional details from our side are necessary to expedite the resolution. Thank you for your swift action on this matter.","Dear <name>, thank you for bringing to our attention the issue you are having with accessing medical data due to network problems. We apologize for any inconvenience this has caused. Could you please provide us with the specific error messages you are encountering and the details of the software updates that were implemented recently? This information will help us better understand and address the issue. If necessary, I will arrange a call with you at <tel_num> to discuss this further and find a solution to restore access to the medical data for your team using <acc_num>."
"Hello Customer Support, I am contacting you to address an unexpected inconsistency in my digital campaign metrics. This could be caused by an integration error. After attempting to reset my QuickBooks and Mailchimp links, the issue remains unresolved. Could you please investigate and offer a resolution? Additionally, if there is any extra information you need from me to help solve this, please let me know. Thank you for your time and help. I am looking forward to your response.","Thank you, <name>, for reaching out to us regarding the inconsistency in your digital campaign metrics. We apologize for the inconvenience you are experiencing despite your efforts to reset your QuickBooks and Mailchimp connections. To better understand and resolve this issue, could you provide more details on the specific metrics that are affected and any error messages you have encountered? We would also like to schedule a call with you at your earliest convenience. Would you be available for a call at <tel_num>, or do you prefer another time?"
Seeking advice on data security measures for a hospital's Linux and Alteryx environment. Could offer some general guidance on this matter?,"Can provide general guidance on data security for Linux and Alteryx. For specific recommendations, please provide more details about your current setup and concerns. I am happy to discuss and offer tailored advice at a time convenient for you."
"Hello, I am inquiring about the pricing tiers and billing options for the SaaS project management tool. Could you provide details on the different plans and their corresponding features? It would be greatly appreciated if you could explain the billing process and any discounts that may be available for long-term commitments. This information will help me make an informed decision on whether to use the tool for our project management needs.","Thank you for your inquiry regarding our SaaS project management tool. We offer several pricing tiers that vary in features to suit different needs. The plans include basic, premium, and enterprise options, which include features such as task management, team collaboration, and reporting. We provide both monthly and annual billing options, and discounts are available for long-term commitments. I would be happy to provide detailed information to answer any questions you may have. We are available for a call at your convenience."
Could you suggest security measures for safeguarding medical data stored on USB drives? Are there any specific encryption techniques or applications that should be employed to ensure the confidentiality of patient data?,"To ensure the safety of medical data on USB drives, we recommend using encryption methods such as AES 256-bit encryption. We also advise the use of reputable encryption software like BitLocker or VeraCrypt. It's crucial to use strong passwords and to keep the USB drives secure when not in use. Additionally, implementing two-factor authentication can provide an extra layer of security. If you require additional assistance or guidance on these protocols, please let us know, and we can arrange a call to discuss further at a convenient time."
"Dear Customer Support,\n\nI am contacting you to report an issue with the software integration. The integration did not succeed, and I believe it could be due to incompatible updates. Despite my efforts to restart the systems and update the drivers, the problem still exists.\n\nThe issue arose when I attempted to integrate the software with our existing system. I followed all the instructions and guidelines, but unfortunately, it did not work as intended. I have attempted to resolve the issue by restarting the systems, updating the drivers, and investigating potential compatibility issues, but none of these steps have resolved the problem.\n\nI would greatly appreciate your assistance in addressing this matter. Please provide me with guidance or a solution on how to resolve this issue. If you require any additional information from me to help investigate, please let me know.\n\nThank you for your time and support. I look forward to your response.\n\nBest regards,\n[Your Name]",We are sorry to hear about the software integration issue you are encountering and thank you for informing us. We will look into this and work to provide a resolution as quickly as possible. Could you please share the error message you received and the steps you took before the issue arose? This information will assist us in understanding the problem better and provide a more effective solution. We will be contacting you soon to address this issue.
"The investment analysis tool has encountered issues with data processing, leading to delays. The problem might be related to compatibility issues with Perl 5.32 and Simulink. After attempts to update the software and restart, the issue still persists.","Please investigate the compatibility issue with Perl 5.32 and Simulink. Additionally, could you provide the error message for further analysis?"
"Inquiring about Customer Support for healthcare data security solutions services offered by hospitals. Would appreciate details on the types of services provided, including data encryption, network security, and compliance management. Additionally, could provide relevant case studies and testimonials from working with hospitals. Also, interested in pricing and the implementation process. Looking forward to hearing back soon.","Thank you for reaching out to the Service Desk regarding Healthcare Data Security Solutions. We offer a range of healthcare data security solutions and services specifically tailored for hospitals, including data encryption, network security, and compliance management. Our team has extensive experience working with hospitals and would be happy to provide case studies and testimonials upon request. For detailed information on pricing and the implementation process, please let us know the specific services you are interested in."
"Facing problems with the dashboard not syncing data correctly. This might have happened due to recent software updates or API changes. Tried restarting and reauthorizing connections, but it didn't work.","Received an email about the issues with the digital marketing dashboard not syncing data correctly. I would like to investigate further. Could you please provide details on the recent software updates or API changes made, and we can schedule a call to discuss possible solutions at your earliest convenience?"
"Hello Customer Support, I am contacting you to address an issue I am facing with the encryption of my health data on my iMac. The encryption has failed and I am worried about the security of my personal medical data. Upon investigating, I believe the problem may be due to my older Norton Antivirus software. Despite updating the software and restarting my iMac, the issue has not been resolved. I would be very grateful if you could give me some instructions on how to fix it. If you require any more information or further steps to diagnose the problem, please let me know. I am here to provide any necessary details or respond to your queries. I am looking forward to your response. Kind regards, [Your Name]","Greeting [name], I apologize for the challenges you are encountering with the encryption of your health data on your iMac. Understanding the importance of securing your sensitive medical information, we need a bit more information to assist you effectively. Could you please share the version of your Norton Antivirus software and the specific error message you receive during the encryption process? Also, have you attempted to uninstall and then reinstall the software, or check for any potential conflicts with other applications? To better address the issue, would it be possible to arrange a call at your convenience at <tel_num>? I will work to ensure the security of your medical data and provide you with a quick solution. Please feel free to share any additional details that might help resolve this issue."
I require strategies to enhance brand expansion for multiple products. Could you offer some guidance?,I can offer guidance on enhancing brand expansion for multiple products online. Please provide more details about your products and your current online presence. I would be glad to assist you further.
"Hello customer support, I am contacting you to learn about digital strategies that can enhance the growth of my listed products. I am interested in understanding the best methods to boost brand visibility and attract a broader audience. Could you offer me more details on this subject? I am eager to receive your guidance and explore ways to enhance my brand's online presence. Thanks for your support and I look forward to your response. I appreciate your help and hope to hear from you soon.","Hello customer, we can assist you with digital strategies to enhance brand growth. For better understanding, could you share more details about your current online presence? Please provide a convenient time to call you at <tel_num> to discuss further and provide effective ways to increase brand visibility."
"To Whom It May Concern,\n\nI am reporting an issue with multiple integrations that abruptly failed. This issue began when our server faced an overload, leading to synchronization problems between various services.\n\nDespite our efforts to troubleshoot, including service restarts, log checks, and configuration verifications, the problem remains unresolved. We are still unable to synchronize data properly.\n\nCould you please look into this and provide a solution? I can offer further details or respond to any queries you might have.\n\nThank you for your swift response.\nBest regards,\n[Your Name]","Dear [Your Name], we are investigating the server overload issue that is causing multiple integration failures. To assist better, could you please supply the account number and detailed error messages you are encountering? I may need to call you for further information; please be available at [Tel Number] for a call at your convenience. We will work to resolve this issue promptly."
I require details on the system prerequisites for a smooth connection between QuickBooks Online and Xero. Could you furnish me with the required information?,"Hello <name>, thank you for contacting our support team. To facilitate a smooth integration with QuickBooks Online and Xero, we can provide you with the necessary system requirements. For QuickBooks Online, ensure your computer meets the basic need of having 2GB of RAM and a steady internet connection. For Xero, make sure your device supports a compatible browser and has a reliable internet connection. If you need more detailed information or wish to schedule a call for further discussion, please let us know."
"Respected Customer Support, I am writing to seek information regarding the data analytics services that Smart-Waage provides. Specifically, I am keen to learn how the platform aids in the analysis and visualization of data, and if it includes machine learning functionalities. Please could you furnish me with detailed information on these aspects? Additionally, I would be grateful if you could provide examples or case studies of businesses that have effectively utilized Smart-Waage for their data analytics needs. I am looking forward to your response.","Hello <name>, we thank you for your query on Smart-Waage data analytics features. Our services include data analysis and visualization, as well as machine learning. Please, let's schedule a call at <tel_num> to delve deeper into this and share relevant case studies. When would it be convenient for you to take this call?"
I am inquiring about the solutions and measures to secure medical data in hospital systems. Could you provide specific details on the steps we can take to protect sensitive information and prevent cyber threats? I would greatly appreciate any information you can provide on this topic.,"I will provide general information on security measures to protect medical data in hospital systems, such as encryption, firewalls, and access controls. If you would like more detailed information, we can schedule a call at a convenient time to discuss further."
I would like to know the pricing and features for the Projektor and Blackboard Learn products. Could you please provide detailed information?,"Thank you for your email regarding pricing information for our products. We would be happy to provide detailed information about the Projektor and Blackboard Learn products. The pricing varies based on the specific features and services required, as well as the size and type of organization. To provide you with accurate information, could you please tell us a bit more about your needs for the products? Alternatively, you can call us for convenience to discuss your requirements and we can provide a personalized quote. I would be available to call you at <tel_num>."
"Hello Customer Support, I am writing to inquire about data analytics tools that can be used with Figma for investment optimization. I am keen to learn about how these tools can aid in making data-driven decisions and enhancing my investment strategy. Could you kindly furnish me with recommendations for tools that integrate with Figma and offer features like data visualization, predictive analytics, and portfolio optimization? Additionally, I would greatly appreciate any details you could provide regarding the pricing and implementation process for these tools. Thank you for your time and assistance. I look forward to your response and await your prompt attention to this matter.","Hello [name], we appreciate your inquiry about data analytics tools that integrate with Figma for investment optimization. We currently offer several tools that include data visualization, predictive analytics, and portfolio optimization features. Some of the recommended tools are [tool_name] and [tool_name], which provide advanced analytics and integration with Figma. These tools can contribute to making data-driven decisions and improving your investment strategy. Concerning pricing and implementation, our team would be delighted to discuss these details further with you. Could you please specify a convenient time for a call so we can discuss your specific needs and provide you with more detailed information about the tools and their pricing? Alternatively, you can contact us at [tel_num] or reply to this email with your availability, and we will arrange a call at your earliest convenience."
"Customer support, we are seeking guidance on securing medical data using the Smart-Waage Memrise facility. Could you provide us with the practices and protocols to ensure the confidentiality of patient data? We would greatly appreciate any resources that could help us implement a secure system.","Dear [Name], thank you for reaching out to our support team. We will provide you with the practices and protocols for securing medical data using the Smart-Waage Memrise facility. Please allow us to review your request and we will contact you at [Tel_num] to discuss and provide the necessary guidance to ensure the confidentiality of patient data."
Seeking details on securing medical data using AWS hospital systems to ensure HIPAA compliance and protect sensitive patient information.,"Supply information on securing medical data using AWS, including HIPAA compliance measures such as encryption and access controls. Please inform a suitable time for a detailed discussion on hospital systems."
"During a recent video conference, I encountered difficulties with my StreamCam. It seems the camera's performance was compromised, likely due to obsolete drivers. Despite restarting the camera and updating the software, the problem still exists. I am eager for your support in addressing this and guaranteeing smooth operation of my StreamCam for upcoming sessions. Kindly inform me of any further measures I can undertake or if a new camera is required.",I will provide you the necessary assistance for your StreamCam. Could you please share your operating system and camera model for more precise troubleshooting? I will contact you at a suitable time to resolve this issue.
"Dear Customer Support, I am contacting you to address an issue with the campaign metrics. The details are as follows: Inconsistent campaign metrics with evident data discrepancies in the reports, which are a result of integration challenges with the Oracle Database. I've attempted to resolve the issue by restarting Zapier and adjusting Grammarly settings, but the problem remains unresolved. I kindly request you to investigate this matter and provide a solution at the earliest. Please inform me if you need further information from my side. I look forward to your response. Thank you for your time and help. Sincerely, [Your Name]",The issue has been reported and is currently being investigated.
The tools have experienced a crash.,"Dear <name>, we regret the issues you've encountered with our tools crashing. Could you share any additional details, like the specific error message and the actions you performed prior to the crash? This information will aid us in addressing and fixing the problem quickly. We will contact you shortly to offer further assistance."
The models delivered inaccurate predictions. Likely due to insufficient data integration. Restarted Hadoop and verified the data origins.,"Dear <name>, I am responding to your email regarding the failure of investment forecasts today. I appreciate your swift actions of restarting Hadoop and validating the data sources. It seems that the models provided inaccurate forecasts possibly due to insufficient data integration. I would like to delve deeper into this and assist in finding a solution. Could you please share more details about the data sources you examined and the specific models that were unsuccessful? This information will aid me in understanding the issue better and proposing a more effective resolution. If needed, I can arrange a call to discuss this further at your convenience. Please let me know suitable times for you."
"Our data analytics tool is generating inconsistent investment forecasts. Recent software updates may be causing data integration issues. We have restarted the application and checked the data sources, but the errors and issues still persist. Assistance is needed to resolve this issue.",Please review the issue with your data analytics tool and contact us at <tel_num> to discuss scheduling a troubleshooting session to resolve the inconsistent investment forecasts issue. Your account number is <acc_num>.
"The analysis tool is generating inconsistent forecasts. The team has reviewed recent data and attempted to recalibrate the models, but without success. We need assistance to resolve this issue.","The Service Desk under <name> is here to help with the issue regarding the analysis tool producing inconsistent forecasts. We understand that the team has reviewed recent data and attempted to recalibrate the models, but without success. To better assist you, we would need more details on the specific errors and inconsistencies you are seeing in the forecasts. Please provide any examples of the issues you are experiencing so we can work with the technical team to resolve the matter. Let's schedule a call at a convenient time to discuss the necessary steps."
"A potential data breach that may affect medical data security has been identified. This could be due to weak access controls or outdated software. Immediate actions taken include updating antivirus definitions, tightening user permissions, and assessing system logs for any suspicious activity. The seriousness of this incident is not lost on us, and we are actively working to resolve it promptly.","We appreciate the prompt notification about the potential data breach affecting medical data security. We acknowledge the measures taken, such as updating antivirus definitions and tightening user permissions. To assist in resolving the incident, please provide us with details such as the breach date, time of occurrence, and any suspicious activity found in the system logs. We will work closely with you to ensure the issue is resolved promptly and the security system is restored."
"I am seeking information on the security measures recommended for storing medical data and managing hospital IT systems. Can you share the best practices for securing sensitive patient details? I am interested in learning about encryption techniques, control mechanisms for access, and network security strategies. Moreover, could you inform me about any regulatory requirements that must be adhered to for medical data management? I eagerly await your response on this critical matter.","We can discuss the security protocols for medical data storage, including encryption methods and access controls. Our practices comply with regulations like HIPAA. I am willing to provide more details, would it be convenient for you if I call you?"
Could you provide details on the API integration capabilities and project management services?,Details on API integration capabilities and project management services will be provided via email or a scheduled call.
"Patient records were exposed due to a firewall misconfiguration. I've attempted to restart the server and review firewall settings, but the problem continues. Assistance is needed to address this issue.","I am ready to assist with the data breach. To provide better support, please share details about your firewall and server. We can schedule a call at a time convenient for you to discuss and resolve the matter."
"Recent data analysis has not produced accurate investment forecasts. This may be due to errors in the data integration algorithm. After attempting to re-run the analysis with fresh data, the results remain inconsistent. Please help us resolve this issue.",We are reviewing the issue with the investment forecast analysis and would like to discuss it with you. Could you please provide more details on the analysis data used and the specific results you are seeing? It would be convenient for us to call at your earliest convenience. Please let us know a good time to reach you at <tel_num>.
"Customer Support, seeking insights into digital strategies that can enhance brand growth. Would appreciate detailed information on methods and techniques that could help increase brand visibility and engagement. I am particularly keen on learning about the approach to social media marketing and content creation. Thank you for your time and assistance. Looking forward to hearing from you soon. Your insight would be invaluable in helping me understand and improve the brand's online presence.","<name>, thank you for your interest in digital strategies for brand growth. Our team uses various methods, including social media marketing and content creation, to increase brand visibility and engagement. I would be happy to discuss this further with you and am available to call at <tel_num> to provide tailored information to enhance your brand's online presence."
"Hello customer support, I am facing problems with the data analytics tool. My investment forecasts have failed because of inconsistent data feed. I have already restarted the systems and verified the data feed, but the issue still exists. Can you assist me in resolving this? I need help to find the root cause and a solution. Thank you for your quick response to this matter.","Hello [Name], We have received your email regarding the issue with the data analytics tool. We regret the inconvenience you are encountering with your investment forecasts due to inconsistent data feed. To effectively assist you, we need more information about the error messages you are receiving and the steps you have already taken. Could you please provide details about the feeds and systems you have checked and restarted? If necessary, we can arrange a call at a mutually convenient time for further discussion and troubleshooting. Please let me know a suitable time to call you at [Phone Number], or if you prefer to continue the conversation via email. We will work to identify the root cause and provide a solution as swiftly as possible."
"Customer Support, requesting the enhancement of security protocols for all hospital systems and related software to safeguard medical data. It is crucial to protect sensitive patient information and prevent data breaches. I would greatly appreciate it if this matter could be addressed urgently to ensure the necessary measures are implemented. Thank you for your attention to this matter. I look forward to hearing from you soon.",<name> acknowledges the request to enhance security protocols for hospital systems to protect medical data. A review will be conducted to implement necessary measures to prevent data breaches. Please contact <tel_num> to discuss the details and provide a timeline for implementation. Thank you for bringing this matter to our attention regarding <acc_num>.
"Hello customer support, I am reaching out to suggest an enhancement to the project timeline. It would be very helpful if there were customizable filters to make the user experience better. This would enable users to swiftly and easily see particular tasks and deadlines, boosting productivity and efficiency. I think this feature would be a significant upgrade to the current project management tools. Thank you for considering my suggestion.","We value your feedback and are grateful for taking the time to share your ideas with us. We recognize the importance of customizable filters in the project timeline and agree that it can greatly enhance the user experience. Your suggestion will be considered, and we will discuss its feasibility with our development team for a future update. We will keep you informed about any progress and appreciate your input in improving our project management tools. Your feedback is highly valued and will be carefully reviewed."
Several tools stopped working at the same time because of a network issue.,"We regret the inconvenience caused by the network problem. Our team is actively addressing the issue and will work on resolving it as quickly as possible. Please attempt to restart the tools and see if the problem still exists. If the issue continues, we will dispatch a technician to help you. We appreciate your patience and will update you on the repair status."
Our digital campaign has crashed. Rebooted the systems and reviewed the logs.,I have noted your concern about the digital campaign crash. Could you please share the error messages found in the logs for a deeper analysis and to assist in resolving the issue?
"There were recent discrepancies in the billing for my SaaS subscription, which I believe are due to a delay in the payment processing system. I have already checked and updated my payment information, but the issue persists. Could you please help resolve this as soon as possible?","Let's review your SaaS subscription account to address the billing discrepancy issue. To assist further, I may need to contact you. It would be convenient to discuss the details over a call regarding account <acc_num>. We will work on resolving the issue with the delayed payment processing system."
"There has been an unexpected data encryption failure, which might be due to an issue with the recent software update. Initially, we tried restarting the servers, but the problem still exists. Additional support is needed to address this and avoid potential data loss.",I will look into the data encryption failure. Could you please provide details about the software update and the server logs for further examination and assistance to prevent potential data loss? I will contact you at <tel_num> to discuss the next steps.
"Hello customer support, I am contacting you to ask about the digital strategies available for boosting my brand's growth and development. Can you give me more information on the services you provide? I am eager to find out how your company can assist my brand's expansion in the digital domain. Could you specify which services you offer and how they could be advantageous for my business? I am looking forward to your response and further details on your offerings.","We provide a range of digital strategies for brand growth, such as social media management and online advertising. I will contact you at <tel_num> to discuss how our services can be beneficial for your business."
"Hello customer support, I am contacting you to seek information on the established security protocols for the storage and transmission of medical data. Given the sensitivity and confidentiality of medical data, it is crucial to ensure its proper handling and protection. Could you share with me the steps taken to prevent unauthorized access, data breaches, and other security risks? I would also appreciate any recommendations or guidelines you have on this topic. Thank you for your attention and assistance. I await your response.",I will examine our medical data security protocols and will send you comprehensive details on the measures that prevent unauthorized access and data breaches. I will reach out to you at your convenience for further discussion.
"Dear Customer Support,\n\nI am inquiring about an unforeseen system downtime that has occurred, leading to significant operational disruptions. The cause of the downtime is currently under investigation; it may have been due to an overload or a technical glitch, but the precise reason remains unclear.\n\nSo far, we have attempted to restart the services, reviewed the logs for any errors, and monitored system performance. Despite these efforts, the issue persists, and we require additional assistance to address the problem.\n\nHere is a summary of the issue:\n\n**What happened:** The system unexpectedly went down, causing a loss of productivity and efficiency.\n\n**Possible causes:** We suspect the downtime might be due to an overload or a technical glitch, but further investigation is needed to confirm the root cause.\n\n**What was done so far:** Our team has restarted the services, checked the logs for errors, and monitored the system's performance to identify any potential issues. However, the problem remains unresolved.\n\nWe hope you can urgently investigate this matter and provide a solution to get our system back online as soon as possible.\n\nThank you for your prompt attention to this issue.\n\nBest regards,\n[Your Name]","Dear [Your Name], thank you for reporting the unforeseen system downtime issue. I apologize for the disruptions this has caused to your operations. To better assist you, I would like to schedule a call to discuss the issue in more detail. Are you available for a call at your convenience? In the meantime, please confirm your account number [acc_num] and the exact time the downtime occurred. This information will help me to investigate the issue further and work towards a resolution as soon as possible. I appreciate your prompt attention to this matter and look forward to speaking with you soon to resolve the issue. Please let me know a suitable time for the call at [tel_num]."
The data analytics program is causing issues with investment evaluations because of outdated drivers.,"I will send an acknowledgment email regarding the crashing data analytics program due to outdated drivers. I recommend resolving the issue by updating to the latest driver version. If you need assistance with the update process, please let me know; I am happy to guide you through a scheduled call at your convenience to walk you through the steps."
It is my intention to request the incorporation of a new data visualization tool to improve our investment analytics. The tool must offer interactive and dynamic visualizations to assist investors in making well-informed decisions.,Your request for a new data visualization tool to enhance investment analytics has been noted. I will review this with our development team. Please contact me at <tel_num> so we can gather more details regarding your requirements.
"The data analytics platform has stopped functioning. It could be due to recent Ubuntu updates that are not compatible. We have tried restarting the system and reviewing the logs, but the problem persists.",I will look into the issues with the data analytics platform. Could you please send over the system logs for a more detailed examination? I will reach out to you at <tel_num> if further details are required.
"The marketing firm encountered data synchronization issues across various platforms, leading to disruptions in campaign management because of network configuration and software compatibility problems. Steps taken include restarting devices and verifying network connections.","<name> has noted the data synchronization problem reported by the marketing firm. It is understood that initial troubleshooting steps, such as restarting devices and checking network connections, have already been taken. Further investigation is required, and we request detailed information about the network configuration and the software used across the platforms. Please provide specific error messages observed and details on the platforms affected. A call might be necessary to discuss the issue further."
Please provide instructions for securing medical data on Brother HL-L8360CDW printers within hospital systems to ensure confidentiality and compliance.,"To secure medical data on Brother HL-L8360CDW printers in hospital systems, ensure that encryption and secure printing protocols are enabled. Use a secure network connection and limit access to authorized personnel. Regularly update the printer firmware and utilize secure data deletion methods. For detailed guidelines on compliance requirements, please contact <tel_num> or refer to the website for specific documentation on securing medical data for the printer model. We can schedule a call to discuss further."
"Seeking guidance on integrating Zapier with existing data analytics tools. Would appreciate detailed information on the process. I am eager to learn how Zapier can help us streamline data analysis and automate tasks. Specifically, I would like to know the types of data analytics tools that are compatible with Zapier's requirements for integration. Thank you for your time and assistance. I look forward to hearing back soon.","Thank you for your interest in integrating Zapier with data analytics tools. Zapier is compatible with a wide range of data analytics tools, which allows for streamlined data analysis and automation of tasks. To determine the best approach for integration, could you please provide specific details about your existing tools? I hope this will help us achieve our goals. I would be happy to discuss this further and am available to call at <tel_num> to explore our options."
"I am facing billing discrepancies for several products. This might be due to recent system updates or integration issues. Despite trying to reconcile transactions and verify my account settings, the issues still persist. Could you please look into this matter and provide a resolution as soon as possible?","We are investigating the billing discrepancies affecting multiple products. To better understand the issue, could you please provide details on the discrepancies you are experiencing, including the specific products and the date when the issues started? Additionally, it would be helpful if you could confirm your account number and a convenient time for us to call at <tel_num> to discuss this matter and work towards a resolution."
Could you offer advice on securing medical data in Laravel 8 hospital systems? It's important to ensure confidentiality and integrity.,I can provide advice on securing medical data in Laravel 8. Please allow me to call at <tel_num> to discuss and determine the appropriate course of action for your hospital systems.
"I am encountering random flickers on my LED monitor, which might be related to GPU overload. Despite restarting my computer and closing OBS Studio, the problem continues. The flickers occur sporadically and without pattern, which is quite disruptive for my work. My graphics drivers are currently up to date. Could you help me troubleshoot this issue?",I will look into this further. Please share your system configuration and the frequency of these flickers so I can assist you better.
I am reaching out to request details on the integration update for my compatible software and hardware. My goal is to ensure an uninterrupted project management flow. Could you elaborate on the update and its enhancements? I would also appreciate any advice on how to proceed with the update and the benefits it will bring to my operations.,"Dear <name>, thank you for your email concerning the integration update. This update improves compatibility and workflow efficiency, facilitating smoother project management and enhanced data synchronization. To install the update, please visit our website for the download instructions. Should you require assistance, I can arrange a call to guide you through the process at your convenience. Please let me know a suitable time to contact you at <tel_num> for further discussion."
We are facing system outages across multiple integrations on our SaaS project management platform following recent updates that have caused compatibility issues.,"We need to address the system outages impacting our SaaS project management platform. To better assist you, we require details on the recent updates and integrations involved. Could you please provide more information so we can discuss a solution at your convenience?"
"Is it possible to get detailed information on securing medical data in MySQL Laravel 8 hospital systems? I would greatly appreciate advice on encryption methods, access controls, and data backup strategies to ensure the confidentiality and integrity of patient information.","I will provide information on securing medical data using MySQL Laravel 8, including encryption methods and access controls."
"There has been a notable rise in server response times which is impacting user experience. Potential reasons for this could be an increase in traffic or issues with database queries. Steps have already been taken to optimize recent queries and scale server resources. Further investigation is needed, and we would like to discuss the current server configuration and any recent changes. Could you please provide more details on the increased traffic and database query issues? We can be reached at <tel_num> to discuss the next steps at a mutually convenient time. Thanks, <name>","Acknowledging the server response time issue that is affecting users. Initial steps have been taken to optimize queries and scale resources. Further investigation is required, and we would like to discuss the current server configuration and recent changes. Could you please provide details on the increased traffic and database query issues? We can be contacted at <tel_num> to discuss possible next steps at a convenient time. <name>"
"Today in the morning, I encountered an unexpected login failure. This could be a caching problem or a server glitch. Steps already taken: Cleared the browser cache and restarted the browser. Unfortunately, I'm still unable to log in.",Kindly attempt to clear your cookies and restart the browser once more.
"I am reaching out to report a problem with the investments optimization platform. The platform has frozen, and I suspect it may be related to a glitch in the data analytics software. Despite attempting to restart the system and verify network connectivity, the issue still persists. I would be very grateful if you could look into this situation and provide a solution at your earliest convenience. Please inform me if you require any additional information from me to address this issue. I look forward to your response and appreciate your assistance.","I am responding to your email regarding the issue with the investments optimization platform. I apologize for the inconvenience you are experiencing and appreciate the troubleshooting steps you have already taken. To assist in investigating this matter, could you please provide the exact error message you are seeing when the platform freezes, along with the version of the data analytics software you are using? Additionally, it would be helpful to know the approximate time the issue occurred. If needed, I may require a call to discuss further details, and I am available for a call at your convenience. I will be in touch with a resolution or further questions shortly. Thank you for bringing this to our attention."
Could you please provide details on the necessary system specifications to ensure the best performance of your project management software?,"Hello <name>, thank you for contacting us. To achieve the best performance of our project management software, please check our website for the system requirements. Should you require additional help, I am willing to offer more information or speak with you at a convenient time, which you can suggest by providing a suitable telephone number <tel_num>."
"Customer Support, we are inquiring about the SaaS features for project management and scalability. Could you provide more information about the platform's support for growth and handling the increasing complexity of our projects? We are looking for a solution that will help us streamline our workflow, enhance collaboration, and improve overall productivity. Specifically, we would like to know about the features related to task assignment, progress tracking, and resource allocation. Additionally, we would appreciate information on the customization options and integration tools provided.","Dear [Customer], thank you for reaching out to our customer support team regarding project management software. We offer a range of features to support your team's growth and handle the increasing complexity of your projects, including task assignment, progress tracking, and resource allocation. Our platform allows for customization and integration tools. We would be happy to provide more information to meet your specific needs. We are available to discuss further via a call at [tel_num] or provide information via email."
I would like to seek advice on how to best configure H2O.ai in conjunction with Keras for investment analytics. Could you share insights on the most effective setup to ensure accurate predictive models and swift processing of large data sets? I am also keen on learning about recommended hyperparameters for tuning and any specific steps for integrating Keras with H2O.ai.,"Dear <name>, thank you for your interest in optimizing H2O.ai for investment analytics. To achieve accurate predictions and efficient processing of large datasets, we advise configuring H2O.ai with Keras by tuning hyperparameters such as the learning rate and the number of hidden layers. Utilizing automated machine learning tools can also simplify this process. For more detailed guidance, please contact us at <tel_num> for a call to discuss your <acc_num> and specific requirements in greater depth."
Request for information on securing medical data,"Offer guidance on securing medical data Hub Switch products. For more details, please visit the website, review product specifics, or contact us at <tel_num> for personalized assistance related to your specific needs. Your account number is <acc_num>."
Is it possible to get detailed information on the features of your project management SaaS solution?,"I would be happy to provide detailed information on the features of our project management SaaS solution. Please let me know which specific features you are interested in, and I will send you a comprehensive overview for your convenience to discuss further."
"Hi Customer Support,\n\nI hope this message finds you well. I am currently facing a challenge with project timeline synchronization across various tools. Despite multiple attempts to resolve the issue, synchronization has not been successful, and I am unsure of the underlying cause.\n\nHere is a brief summary of the situation:\n\n**Event:** Project timeline synchronization failure across multiple tools.\n\n**Potential Causes:** Software update incompatibility or network connectivity problems.\n\n**Actions Taken:** Restarted devices, verified network connections, and updated plugins.\n\nI would be extremely grateful if you could offer some guidance or assistance to fix this. Please inform me if there are any additional steps I need to take or any further information you require.\n\nThank you for your help.\n\nBest regards,\n[Your Name]","Hello [Your Name],\n\nThank you for reaching out about the project timeline synchronization issues you are experiencing. I am here to support you and help resolve this. Could you please share more details about the tools you are using and the specific error messages you are encountering? This information will be very helpful in pinpointing the problem and suggesting an effective solution. If necessary, I can also arrange a call at your convenience at <tel_num> to walk you through the troubleshooting steps. Please let me know a time that works for you.\n\nBest,\n[Support Name]"
I require support in integrating the Microsoft Azure project management SaaS platform. Could you provide detailed guidance on the process? I would greatly appreciate step-by-step instructions along with relevant documentation.,We will assist with integrating the Microsoft Azure project management platform. Please allow us to provide a step-by-step guide and relevant documentation. We will send the detailed guide via email at your convenience.
I need assistance in securing medical data using PHP 8.0 software tools. Could you recommend best practices to ensure the confidentiality and integrity of sensitive medical information? Any advice on implementing robust security measures to prevent unauthorized access and data breaches would be greatly appreciated.,Recommendations for securing medical data using PHP 8.0 tools to ensure confidentiality and integrity.
"Hello customer support, I am reporting a crash issue with the data analytics dashboard. It happened unexpectedly, and it may be related to motherboard driver problems. I've already rebooted the system, updated the drivers, and verified the cloud connection, but the issue still occurs. I would be grateful if you could investigate this and offer a solution promptly. Please inform me if you need more details from me to address this problem. Thank you for your time and help.","Dear <name>, thank you for bringing this issue with the data analytics dashboard to our attention. We need more details to resolve it. Could you please share the exact error message and the system logs? I will also contact you at <tel_num> to discuss this further if necessary."
"An unexpected outage has impacted several products, leading to service disruptions following the recent infrastructure update.","We sincerely apologize for the disruption in service caused by the recent infrastructure update, which resulted in a service outage affecting multiple products. Our team is currently working to resolve the issue and will provide an update once it is resolved. If you require immediate assistance or need to report issues, please contact us at <tel_num> to discuss the next steps. We appreciate your patience and understanding as we keep you informed of the progress."
"Facing occasional connectivity problems with the SaaS platform, which is resulting in delays in project updates. The issue could be related to high traffic or network problems. After rebooting the server and checking the network configuration, the problem still persists. I need your help in resolving this issue urgently.","Received your email about the intermittent connectivity issues with the SaaS platform. I understand the urgency in resolving this to prevent project delays. To assist you better, let's schedule a call to discuss the issue in detail and determine the best course of action. Please let me know a convenient time to call at <tel_num>, or provide your preferred time. Also, could you provide your account number <acc_num> so we can work towards a resolution."
"We are reaching out for customer support to assist in optimizing our data analytics infrastructure with the aim of achieving better investment insights across our hardware and software products. We are currently facing inefficiencies in data processing and analysis, which are causing delays in decision-making. We would appreciate guidance on how to streamline our data analytics pipeline, including recommendations for hardware and software upgrades, which would help us make more informed investment decisions and improve our overall business performance.","<name>, we are delighted to assist in optimizing your data analytics infrastructure. To provide tailored recommendations, could you please share details about your current hardware and software setup? We are able to offer guidance and potential upgrades or improvements to help streamline your data analytics pipeline."
"There have been unauthorized access attempts on medical data systems, continuing even after updates to passwords and firewall checks.","Received your concern regarding unauthorized access attempts on medical data systems. Please investigate the issue and let us know the nature of the attempts. For your convenience, we could discuss this matter further with a specialist during a call."
"We have encountered a data breach that impacted our videoconferencing CRM systems. This may have happened due to outdated security protocols. Currently, we have updated the software and changed passwords, but we need your assistance to ensure that our security systems protect your data. We would appreciate guidance on additional steps you recommend to prevent similar incidents in the future. Please let us know what information you need from us to provide support.","We have received your data breach report and are ready to assist you. To provide the necessary support, we need to know the nature of the breach and the systems that were affected. Could you please provide details about the incident, including the timeframe and any error messages you received? Additionally, we need your account information to schedule a call and discuss the next steps that are most convenient for you."
The data analytics tool is not processing investment data accurately due to outdated system integrations. We have verified that software updates and reconfigured data sources have not resolved the issue.,"I will draft an email acknowledging the issue with the data analytics tool not processing investment data accurately. We have already taken steps to verify software updates and reconfigure data sources. To troubleshoot the issue, I would like to schedule a call to discuss the problem in more detail. Please let me know your earliest availability for a call so we can discuss next steps to resolve the issue with investment data processing."
"Dear support, I am seeking detailed assistance with integrating the Ruby on Rails 6.1 SaaS platform. Could you provide step-by-step instructions or documentation that outlines the integration process? I would appreciate information on compatibility, potential issues, and best practices for a successful integration. Additionally, are there specific gems or libraries that need to be installed? I look forward to hearing back so that we can find a solution to integrate the Ruby on Rails platform seamlessly.","Dear [name], we have received your request for support with Ruby on Rails integration for the SaaS platform. Our documentation provides comprehensive step-by-step instructions for the integration process, including details on compatibility and best practices. We offer guidance on the recommended gems and libraries. For detailed information, please let us know a suitable time to schedule a call. You can reach us at [tel_num] or via email. Please let us know your preferred method of communication."
"Unusual delays in data processing through investment analytics tools are happening due to server overload during peak usage hours. Even after restarting the servers and optimizing queries, the problems continue and require assistance to resolve the issue.","<name> has acknowledged your email regarding the server overload issues affecting the investment analytics tools. To better assist you, I would like to schedule a call to discuss the issue in detail. I am available at your convenience. Please let me know a suitable time, and I will offer alternative options. Additionally, knowing the current server configuration and any recent changes made to optimize queries would be helpful in investigating and providing a resolution."
"Hello Customer Support, I am reporting an issue with the application. During simultaneous project sessions, multiple users have experienced crashes while exporting files, which might be due to memory allocation issues under heavy load. Users have already tried restarting the application and clearing the cache, but the issue still persists. The application keeps crashing consistently whenever users try to export files. We have attempted to troubleshoot the issue ourselves but have been unable to resolve it. Could you please look into this matter and provide a solution?",Thank you for your email regarding the application crash issue. We have received your report and are investigating the matter. Please provide your account number so we can discuss the details in a convenient call and explore potential solutions.
"We are facing low engagement levels in recent campaigns. Outdated strategies and audience misalignment could be the reason. Despite adjusting the messaging and analyzing metrics, we have seen minimal improvement. I need assistance to enhance engagement.","I would be happy to help boost engagement rates. Could you please provide details on the recent campaigns, including the adjusted messaging and metrics analyzed? We can schedule a call at <tel_num> to discuss and identify potential solutions <acc_num>."
I am contacting you to seek information regarding the possibility of custom workflow integration. Could you kindly share any documentation or instructions on how to integrate our workflow into your system? I would be grateful for any details you can offer on this matter.,"I can provide you with documentation related to custom workflow integration. I will send you the relevant guides and resources shortly. If you prefer, I can also schedule a call to discuss the details further."
"Dear Customer Support, I would like to explore the possibility of integrating Codecademy with investment analytics tools to enhance my learning experience. Could you provide me with a list of available integrations and any relevant information on how to access and utilize them? Specifically, I am interested in integrations that can offer real-time data, interactive visualizations, and hands-on practice with investment analytics concepts. I believe such integrations would greatly benefit users like myself who are looking to gain practical skills in investment analytics. Thank you for your time and assistance. I look forward to hearing from you soon.","Dear [name], we appreciate your interest in integrating Codecademy with investment analytics tools. We currently offer integrations with several tools that provide real-time data and interactive visualizations. For more information and a list of available integrations, please visit our website or contact us at [tel_num] for further assistance."
"Marketing campaign metrics are not being tracked correctly because of an outdated Hadoop version. Although we have upgraded Hadoop and rebooted the Hub, the problem continues. Could you please help us resolve this issue promptly?",I will look into the marketing campaign problem related to the incompatible Hadoop version. Please supply the current Hadoop version and Hub logs for deeper analysis. I will call you at <tel_num> if more details are required.
"The financial analytics software is not accurately processing investment data. This issue may be due to a recent update that is conflicting with existing integrations. I have tried reinstalling the software and clearing the cache, but the problem still persists. I would appreciate your assistance in resolving this matter as soon as possible.",We will investigate the issue with the financial analytics software. Please contact us at <tel_num> to discuss potential troubleshooting steps and schedule a resolution.
I am seeking guidance on how to integrate MySQL with Asana for automated data analytics reporting and notifications via Discord. Could you offer a detailed step-by-step process or suggest an appropriate integration tool?,"Dear <name>, we have noted your request for support with integrating MySQL into Asana for automated data analytics reporting and Discord notifications. We suggest using Zapier or Asana's custom API for this integration. For a comprehensive guide, please share more details about your current setup and the specific data you intend to integrate. This information will help us tailor the solution to your needs. If you prefer a direct conversation, kindly inform us of a suitable time for a call at <tel_num>. We can discuss further and explore the best options for your requirements, referencing your account <acc_num>."
Is it possible to provide information on securing medical data at a hospital using your products? I would appreciate your assistance and guidance on this matter.,"We can offer a range of solutions for securing medical data at a hospital, including encryption and access control products. To discuss your specific needs, we can call at your convenience to provide a tailored solution for your hospital's support. Please let us know a suitable time to contact you."
Please resolve my Wi-Fi issue,I will look into your Wi-Fi problem. Could you please give more details about the issues you are facing with your Wi-Fi connectivity?
"Hello customer support, I am writing to seek information on the data analytics tools that are designed to optimize investment portfolios for financial companies. Could you kindly share details on the tools available and their features? It would be greatly appreciated if you could also elucidate how these tools assist financial companies in making data-driven decisions and enhancing their investment strategies. Additionally, I am keen to know if there are any specific tools tailored to the needs of financial firms and, if so, what makes them unique compared to other data analytics solutions. Thank you for your time and support. I eagerly await your response.","Certainly, I am glad to assist you with information about our data analytics tools for financial companies. We provide a range of tools that can optimize investment portfolios and refine investment strategies. I will send you a comprehensive email with the features and benefits or we can schedule a call to discuss further at your convenience."
"Inquiring about recommended security protocols for storing medical data on a Crucial MX500 1TB SSD. What can be done to ensure the confidentiality, integrity, and availability of sensitive medical information? Are there specific encryption methods or access controls you recommend? Guidance on protecting this critical data would be greatly appreciated.",Guidance on secure encryption methods and access controls for your medical data storage needs will be provided shortly.
"Customer Support, we are reaching out regarding Docker integration with the SaaS project management platform. Could you provide information on how Docker is used within the platform? We would appreciate detailed information on the benefits of using Docker, such as improved deployment efficiency and enhanced collaboration. Additionally, we would like to know the specific requirements and recommendations for using the Docker platform. Thank you for your time and assistance. We look forward to hearing back soon.","<name> appreciates your interest in the Docker integration for the SaaS project management platform. The platform utilizes Docker to improve deployment efficiency and enhance collaboration, which allows for seamless integration of microservices and streamlined workflows. The benefits of using the Docker platform include faster deployment times, improved scalability, and enhanced security. We recommend that users have a basic understanding of Docker components to facilitate the integration. We would be happy to discuss your specific questions. Thank you for your time."
Looking for information on digital strategies to boost brand growth using Smartsheet and Shopify. Interested in learning about the tools that can help our business.,Please provide details on digital strategies for brand growth using Smartsheet and Shopify. We can arrange a convenient call to discuss further.
"Hello Customer Support, I am inquiring about the data analytics tools that can enhance investment strategies effectively. I am keen to know about the different tools available and how they can assist in making informed investment choices. Could you furnish me with details on the best analytics tools for optimizing investment strategies? I am particularly interested in tools that include features such as data visualization, predictive analytics, and real-time reporting. It would also be helpful if you could share any case studies or success stories that illustrate the efficacy of these tools. Furthermore, I would greatly appreciate any advice you can offer on integrating these tools into my investment strategy. Thank you for your support and I look forward to your response.","Dear [Name], thank you for contacting our customer support regarding your query on data analytics tools for enhancing investment strategies. We appreciate your interest in these tools that can provide valuable data insights to aid in making informed investment decisions. Our team is ready to offer you information on the most effective analytics tools that possess features like data visualization, predictive analytics, and real-time reporting.<br><br>Our portfolio includes a variety of tools suitable for investment strategy optimization, and we can present you with relevant case studies and success stories that showcase their effectiveness. To better tailor our recommendations, could you provide us with more details about your current investment strategy and your objectives for using the analytics tools? This will assist us in giving you more personalized advice and guidance on integrating the tools into your strategy.<br><br>We would also be glad to discuss this further over a call at your convenience. Please indicate a suitable time, and we will arrange a call with you at [Phone Number]. Alternatively, we are happy to continue our communication through email if you prefer. We are looking forward to your response and are eager to assist you with your investment strategy optimization needs."
There was an unexpected downtime of the data dashboard. It might be due to server overload or a software glitch. Servers were restarted and network connections were checked.,"Dear <name>, we recognize the data dashboard downtime issue you are facing and thank you for the troubleshooting steps you have already taken. To better assist you, we plan to examine the server and network logs to identify the root cause of the problem. Could you provide more information about the error message you are encountering and the precise time the issue started? If possible, we can also schedule a call at <tel_num> to further discuss the issue and work on a resolution. Please inform us of a suitable time for the call."
"I am seeking information on recommended security protocols to protect medical data using Kaspersky Internet Security. Given the sensitivity of medical data, I wish to adopt the necessary safeguards. Could you provide detailed best practices for securing this type of data? Your expertise on this topic would be greatly appreciated. Thank you for your time and support.","Dear <name>, <br>we thank you for your interest in securing medical data with Kaspersky Internet Security. For optimal protection of sensitive medical information, we suggest setting strong passwords, activating full disk encryption, and customizing the firewall to prevent unauthorised access. Additionally, it is crucial to maintain your operating system and antivirus software with the most recent security updates. Using a virtual private network (VPN) is also recommended when accessing medical data through public networks. We recommend regularly backing up your data to a secure location, such as an encrypted external hard drive. For further guidance, our online support resources are available. Should you need additional assistance, we can arrange a call at a time convenient for you at <tel_num>. Our team will be pleased to offer personalized support to ensure the security of your medical data."
"An error has been encountered with the project management software, which is impacting the integration across multiple products. This might be due to recent updates. Steps such as restarting the application and clearing the cache were taken to resolve connectivity issues, but the problem still persists. Assistance in resolving this issue soon would be greatly appreciated.","Dear customer, we acknowledge the error you are experiencing with the project management software and thank you for your efforts to resolve it by restarting the application and clearing the cache. We would like to request more information, specifically the exact error message you are receiving and the recent updates that you mentioned. For your convenience, please provide this information either by replying to this email or by calling us at <tel_num> to discuss further. We are able to provide a tailored solution to resolve the issue specific to your project management software account."
"Dear Customer Support, I am contacting you to seek an update regarding the encryption measures used for safeguarding medical data in HubSpot CRM and Ubuntu environments. Given the critical nature of medical data security, any security vulnerabilities could lead to severe repercussions. Could you furnish information on whether we are using encryption methods that comply with the most recent industry standards? Additionally, I am interested in learning about your plans to introduce extra security mechanisms such as multi-factor authentication, user access controls, and periodic security evaluations. Your assistance in providing a comprehensive strategy to ensure the secure handling and transmission of medical data on HubSpot CRM and Ubuntu would be greatly appreciated. I look forward to your swift response on this matter.","Dear <name>, we value your interest in the security of medical data on HubSpot CRM and Ubuntu systems. We are deeply committed to the confidentiality and integrity of medical information and are dedicated to maintaining its accessibility. Our current encryption standards are designed to align with industry benchmarks, including those stipulated by the Health Insurance Portability and Accountability Act (HIPAA). Nonetheless, we continually strive to increase our security protocols. We are planning to integrate new security features, such as multi-factor authentication and ongoing security reviews, to better secure medical data. We will also be refining our access protocols to ensure only authorized individuals can access sensitive medical information. Could we schedule a call to go over our security plan in more detail and address any specific queries you might have? Please inform me of a convenient time for this call, or if you prefer, I can contact you at <tel_num>. Thank you."
"The marketing firm noticed a decline in online engagement metrics. Recent algorithm changes might be the cause. They adjusted the targeting settings, but the results remain unsatisfactory.",I would be happy to assist with this issue. Please provide details on the recent algorithm changes and the adjustments made to the targeting settings. A review of these details will help in providing the next steps to resolve the issue.
"Customer Support, reporting a critical issue with the data analytics platform. The platform crashed during a major investment analysis session, causing significant disruption to our work. Despite attempts to restart the system and clear the cache, the issue persists. Possible causes may include server overload or software bugs. We would greatly appreciate your urgent look into this matter and a prompt solution if possible. Please let us know if any additional information is required.","Dear [Name], thank you for reaching out regarding the issue with the data analytics platform. We are sorry to hear that the crash disrupted your investment analysis session. We will escalate this issue to our technical team to investigate possible causes, such as server overload or software bugs. Please provide us with the account number and the exact error message so we can look further into the matter. We need to contact you at [Tel Number] to discuss the issue in detail and provide a solution as soon as possible. We appreciate your patience and cooperation in this matter."
"I am noticing a decline in the performance of my campaigns, even after increasing my advertising budget. This could be due to incorrect targeting or messaging. I have examined the analytics, modified the ad content, and refined the audience segments, yet the problem continues. Could you provide me with some advice on how to improve my campaign performance?","Dear <name>, I appreciate your concern regarding the underperformance of your campaigns despite your increased investment. To better assist you, could you please share more information about your current targeting and messaging approaches? Additionally, I would like to schedule a call at <tel_num> to review your campaign data and identify optimization opportunities. Please let me know a convenient time for you, and I will be delighted to guide you in optimizing your campaigns with <acc_num>."
I am contacting you to seek advice on improving the integration of data analytics across various platforms. This could greatly enhance our investment analysis and decision-making processes. Could you offer some guidance on how to accomplish this?,"Dear <name>, we thank you for your inquiry regarding the enhancement of data analytics integration across different platforms. To provide you with more bespoke advice, we need to know more about the specific platforms you are currently using and the investment insights you aim to achieve. Could you kindly provide detailed information about your current data analytics tools and any integration challenges you are experiencing? If you prefer, we can schedule a phone call at your convenience at <tel_num> to further discuss your needs and offer optimization recommendations."
Seek to update marketing plan to boost brand exposure,Have noted your request to update the marketing plan for increased brand visibility. We will review this with the marketing team and request a convenient time to gather more information and discuss the steps needed for the update.
"Dear Customer Support,<br>We are reaching out to inform you about a potential security breach in our hospital systems. The security team has identified an unauthorized access attempt to sensitive medical data.<br>The incident is suspected to be caused by inadequate security configurations and outdated software. We have already initiated a system-wide security audit to update the affected software and prevent future incidents.<br>We would appreciate your assistance in providing recommendations to enhance our security measures.<br>Thank you.","We take security breaches very seriously and are here to assist you. To better understand the incident, could you please provide details on the detected unauthorized access attempt, including the date and time it occurred? Your review of this information will help us provide the necessary recommendations to enhance our security measures."
"The project timelines are not syncing properly. I have already checked the settings, restarted the sync process, and referred to the documentation.","I have noted your report concerning the sync problem with project timelines. To better help you, could you provide more information about any error messages you are encountering? Additionally, I will require your account details to investigate further. Would you be available for a call at your convenience to discuss this issue in more detail?"
"The marketing agency's website is encountering sporadic loading difficulties, which may be attributed to server congestion. Clearing the browser cache or switching to a different browser can often alleviate the issue.","Acknowledging the issue with the marketing agency's website load time, we understand how frustrating these intermittent loading problems can be and are committed to resolving them. To better assist you, could you please provide details on your server configuration and any recent changes made to the website? Additionally, it would be helpful for us to know the frequency of the loading issues and any error messages that appear. If necessary, we can schedule a call at your convenience at <tel_num> to discuss further."
"The recent digital marketing campaign has shown lower engagement than expected, which may be due to issues with targeting or content relevance. After analyzing the audience metrics and adjusting the parameters, the results are still not satisfactory.",Please review the campaign and contact us at <tel_num> to discuss potential adjustments and find solutions to improve engagement.
"Dear Support Team, We are contacting you to alert you about a data breach which was due to a human error. We believe that an employee might have accidentally disclosed confidential information. Despite our efforts to reboot the systems, the issue is still ongoing. We are actively working to resolve this situation and are committed to preventing such breaches in the future. We will keep you informed about the progress and value your patience and understanding. We are dedicated to protecting customer data and will implement all necessary measures to prevent such occurrences in the future.","Dear [Name], Thank you for informing us about the data breach. We acknowledge your prompt action to contain the issue by restarting the systems. However, since the problem continues, we need to explore further to determine the best solution. Could you provide more details about the sensitive information that might have been disclosed and the measures you are taking to address the situation? We would be grateful if we could arrange a call at [Phone Number] to discuss this matter in greater detail at your earliest convenience."
request for enhancement in project management software. need to improve integration with external devices and services for a better user experience and functionality. aim to enable a seamless workflow to boost productivity.,"Dear [Name], thank you for your request to enhance the project management software. We agree that improved integration with external devices and services is essential for a better user experience and functionality. We will review and consider your request for future development. Please provide specific details on the integrations you would like to see improved so we can better understand your needs and prioritize accordingly."
Could you offer guidance on digital strategies that could enhance the growth of VLC Media Player? We are looking forward to your support and insights. Thank you for your assistance.,"Thank you for reaching out to us concerning digital strategies to enhance the growth of VLC Media Player. To improve brand growth, we recommend focusing on enhancing your online presence, increasing social media engagement, and engaging in content marketing. Developing a user-friendly website and optimizing it for search engines can also increase visibility. Additionally, leveraging email marketing campaigns and forming influencer partnerships can help expand your reach. A tailored approach would be beneficial, so please provide us with more information about your current strategies."
"Hello Customer Support, I am contacting you to report a malfunction with our collaboration tools, which has slowed down our project progress. This might be due to outdated software and insufficient training. We have already tried restarting our devices and verifying our internet connection, but the issue still exists. We would appreciate your assistance in resolving this and seek your prompt attention. Kindly inform us if you need any further information from us. Thanks for your help and we hope to hear from you soon.",We will look into the collaboration tool issue and reach out to you at <tel_num> for more details to provide a timely solution.
"I am looking for guidance on securing medical data in a PostgreSQL 13 environment within a hospital setting. Could you provide recommendations and best practices to ensure the confidentiality, integrity, and availability of sensitive patient information? Specifically, I would like to know about encryption methods, access control strategies, and backup procedures. Additionally, are there specific configuration settings that need to be implemented to meet HIPAA requirements? I would greatly appreciate any resources or documentation that can help us secure this information.","We can provide guidance on securing medical data in a PostgreSQL 13 environment. Recommendations include using encryption methods like SSL/TLS, implementing access controls such as role-based access control, and performing regular backups to a secure location. To meet HIPAA requirements, specific configuration settings need to be implemented. Please provide information about your current setup so we can offer detailed recommendations. Let us know a good time to call and discuss further."
The recent system downtime has affected access to the Smart-Garagentoröffner HubSpot CRM. This might be due to misconfigured server settings after a software update. Restarting the services and clearing the cache seemed to resolve the issue temporarily. Assistance is needed to resolve the matter soon to prevent any further disruptions.,We have received your report on the system downtime. We are looking into the issue with the Smart-Garagentoröffner HubSpot CRM. Please contact us at <tel_num> to discuss the steps required for resolution.
"We notice a variance in the engagement numbers which is caused by a problem with the integration between our systems and NZXT tools. Despite restarting Norton 360 and examining the IBM Cloud logs, the issue is still present.","Hello <name>, we are investigating the inconsistency in your campaign metrics that seem to be related to an integration problem with NZXT tools. Even though you have already restarted Norton 360 and reviewed the IBM Cloud logs, the issue remains unresolved. Could you please provide more specific details about the discrepancy, such as the actual and expected numbers? This information will aid us in diagnosing the problem more accurately and offering a solution. Additionally, I will need to check the integration configuration, and if necessary, contact you at <tel_num> for further discussion."
"I am encountering difficulties with integrating the Twitch Studio Beta project management SaaS. Even after attempting to restart and reauthorize, the issue continues. It might be related to recent API changes or compatibility issues. I need assistance to resolve this so I can continue using the service effectively.","In response to your email regarding the issue with integrating Twitch Studio Beta project management SaaS, I would appreciate it if you could provide more details about the error message you are seeing and specific issues you are experiencing. Additionally, it would be helpful to know the steps you have already taken to try to resolve the issue. If needed, we can schedule a call at a convenient time for you. Please let me know when a time would suit you."
"I would like to request advice on the best configuration for H2O.ai when used in conjunction with Keras for investment analytics. Could you offer insights on optimal setup practices that ensure accurate predictions and efficient handling of large datasets? Specifically, I am interested in learning which hyperparameters should be adjusted and any additional tips for integrating Keras with H2O.ai.","Hello <name>, thank you for your interest in optimizing H2O.ai for investment analytics. To achieve accurate predictions and efficient handling of large datasets with Keras integration, we recommend tuning hyperparameters like the learning rate and hidden layers. Also, consider leveraging automated machine learning tools to simplify the process. Should you require more detailed guidance, please contact us at <tel_num> to discuss your <acc_num> and specific requirements further."
Could data analytics tools offer insights to optimize investment strategies effectively? We appreciate your interest and thank you for reaching out!,"<name>, thank you for contacting us and showing interest in data analytics tools for investing. These tools can indeed provide valuable insights to optimize investment strategies. Popular options include portfolio management software and market analysis platforms. To better assist you, could you please provide more details on the specific type of investments you are looking to optimize? We would be happy to discuss this further over the phone. Please let us know your availability."
"Hello customer support, I am reaching out to seek information on the pricing for WooCommerce integration. Could you kindly offer a detailed cost breakdown? It would also be helpful to know about any extra charges that might apply. This information will assist me in making a decision regarding the integration. Thanks for your assistance.","Hello <name>, thank you for your email concerning the pricing of WooCommerce integration services. Our pricing is based on the complexity of the integration. I can provide you with a detailed cost breakdown. Please share your specific integration needs, and I will send you a personalized quote along with any additional charges. Thank you."
"An error has occurred during login, which is hindering access. It might be due to recent system updates. Despite clearing the cache and trying password resets, the issue remains unresolved. Assistance is needed to resolve the login issue.","We apologize for the login issue you are experiencing, and we suspect that recent system updates might be the cause. To assist you better, please provide your account details and the exact error message you are seeing. To resolve the issue more efficiently, let us know a convenient time to schedule a call, and we will contact you accordingly."
Medical information went missing during the backup process. The issue might be due to human error or a RAID controller failure.,Our primary focus is to swiftly investigate the cause and restore the data.
"Customer Support,<br><br>I am writing to draw your attention to a pressing issue that our marketing agency is currently facing. We have implemented a digital strategy, but we are experiencing discrepancies in our brand growth metrics. Despite our efforts to verify the integrations within IFTTT and adjust settings on Monday.com, as well as review performance reports, the issues still persist.<br><br>The main problem seems to be inconsistencies in the data from tools like Zoho CRM and Google Analytics. We have tried to troubleshoot the issue but have been unable to identify the root cause.","<name> has written an acknowledgment email regarding the issue with marketing metrics that the marketing agency is facing. We understand that you are experiencing discrepancies in your brand growth metrics due to inconsistencies in data tools such as Zoho CRM and Google Analytics. To assist in resolving this issue, we would like to request more information on the specific discrepancies and the steps that have been taken so far to troubleshoot the issue. Could you please provide us with more details on the integrations within IFTTT and any settings that have been adjusted?"
What are the recommended specifications for integrating Linux and PyTorch?,"For integrating Linux and PyTorch, we recommend using a 64-bit Linux distribution with at least 8GB of RAM and a multi-core processor. A dedicated NVIDIA GPU is also suggested for the best performance. Ensure that you are running the latest version of PyTorch, which is compatible with your Linux distribution. Should you have any additional questions or need more detailed instructions, feel free to reach out and I will assist you with your integration needs."
"experienced substantial delays in project load times. This may be due to heightened user traffic that has overloaded server capacity. Despite efforts to optimize database queries and enhance caching strategies, there has been no noticeable improvement. The issue continues, and we urgently require assistance to resolve it promptly.","help address the delay in project load times, we need more details on the current server configuration and the optimization steps that have been taken so far. Let's discuss and schedule a call at your earliest convenience to resolve the issue promptly."
"Customer Support, <br>Our data analytics software has crashed our critical investment optimization analysis. It might have occurred due to a compatibility issue with Apache Hadoop. We have attempted to restart the software and check for updates, but the problem still persists. <br>The software was working fine until recently, after updating to the latest version of Apache Hadoop. <br>We would greatly appreciate it if you could provide a solution to this issue as soon as possible. <br>Thank you for your assistance.",We will investigate the crash issue with your data analytics software and contact us at +1234567890 for assistance in resolving the problem.
An unauthorized access attempt was detected on the hospital's systems due to outdated software vulnerabilities. Initial security scans have been conducted to update the systems and identify any breaches. Our team is working to ensure the systems are secure and protected.,"We appreciate you reporting this security issue to us. Our team has taken immediate action to update the systems and conduct security scans. To assist you further, could you please provide details on the vulnerabilities that were exploited? We would like to schedule a follow-up call to ensure that all necessary measures are in place to prevent future incidents. Please let us know a suitable time for the call."
"While contacting Customer Support, I inquired about the scalability features of the SaaS platform that your company offers for project management. Could you provide detailed information on how the platform adapts to growing project demands, manages increased user traffic, data storage, and workflow complexity? I am particularly interested in learning about the automated scaling options, load balancing, and performance optimization techniques that are implemented. Additionally, it would be helpful to know about any limitations or constraints related to scalability that are addressed. Thank you for your time and assistance.","We will provide you with detailed information on the SaaS scalability features. Please allow us some time to review and prepare the information requested, and we will be in touch at your convenience to discuss it further."
"Dear Customer Support, I am contacting you to request assistance with integrating Mailchimp into our project management SaaS tool. Could you kindly provide any documentation or guidance on setting up this integration? I aim to synchronize my email marketing efforts with my project tasks and workflows. Despite reviewing your API documentation, I did not find specific information regarding Mailchimp integration. Any resources or support you can offer would be greatly appreciated. Thank you for your time and assistance. I am looking forward to your response.",I will provide you with the necessary Mailchimp integration guidance and documentation. I will look into this and get back to you with the required information and steps to set up the integration for your account.
"Detected unauthorized access attempts on the hospital's systems, impacting the security of medical data. Enhanced software and firewall protections were implemented as a resolution.",Investigating the security concern reported regarding unauthorized access attempts on the hospital's systems and medical data. Assistance requires details on the issue and the software updates made. Please schedule a call at <tel_num> to discuss and provide a resolution.
"I have encountered a problem with the synchronization of campaign metrics, which has stopped working in real-time. Although the integration between our platforms is correctly set up, the metrics are not updating. I have attempted to resolve the issue by restarting the TP-Link switch and examining the Docker container logs, yet the issue continues. Unfortunately, the error messages in the logs do not give clear insight into the problem. I have also verified the network connectivity and confirmed that all devices are properly connected. I kindly request your assistance in resolving this issue immediately, as the campaign metrics are essential for our business operations and inaccurate data is affecting our decision-making process. I am willing to provide any additional information or context required to help diagnose and fix the problem. Please inform me if there are any additional actions I can take to resolve the issue. Thank you for your time and support. I eagerly await your response.",I will assist you in resolving the campaign metrics syncing issue. Please provide the exact error messages from the Docker container logs for further analysis.
"Hello Customer Support, I am contacting you to seek information regarding the integration options for QuickBooks Online with our project management SaaS platform. I am eager to explore how these two systems can enhance our business processes. Could you provide details about the types of integrations that are feasible, such as invoicing, expense tracking, and project budgeting? It would also be helpful to learn about any setup or configuration requirements, as well as the associated costs. Furthermore, I am interested in understanding any limitations or restrictions on the data that can be exchanged between the two systems. I appreciate your prompt response with this information. Thanks for your support. I am looking forward to learning more about this integration and its benefits for our business.","Hello <name>, thank you for your message. We provide several integration options for QuickBooks Online, including invoicing and expense tracking. I would be glad to discuss the setup and costs with you. Could you please share your <acc_num> so I can review your account details and provide more specific information on the integration capabilities and any applicable limitations?"
An unauthorized access attempt was detected on the hospital's system. It may have occurred due to a phishing attack. Initial security measures have been implemented to monitor system intrusions. The team is working diligently to resolve the issue and ensure the security system is robust.,We have received the email regarding the system issue and appreciate the swift action taken to implement security measures. We would like to discuss and provide necessary support to ensure the system's security. Would it be possible to schedule a call at your convenience to discuss the details and next steps? Please let us know a suitable time to contact us at <tel_num>.
Project synchronization has encountered problems possibly due to network connectivity issues.,"I will look into this issue and will reach out to you at <tel_num> to discuss the next steps for resolving the project synchronization failure, which may be attributed to network connectivity problems."
"During my live stream, OBS Studio crashed, causing a loss of viewers and potential revenue. I restarted OBS Studio, updated the plugins, and verified my system resources, but the issue continues. Could you please assist in finding a solution or guidance to resolve this problem quickly?","I apologize for the OBS Studio crash during your live stream. For better assistance, could you share the version of OBS Studio and the list of installed plugins? I will look into this and provide a solution or guidance as soon as possible. Is it convenient for you to have a call at your earliest convenience to discuss this further?"
"Hello Customer Support, I am reaching out to address an issue where my project data has vanished unexpectedly. This problem might be due to a synchronization issue with our integrations. Despite restarting the system, reviewing the logs, and reaching out to the integrators, the issue remains unresolved. I kindly request you to examine this situation and offer a solution promptly. If you need any additional information from me to address this, please let me know. I am eagerly awaiting your response. Thanks for your time and help. Sincerely, [Your Name]","Greetings [name], we appreciate you reporting the issue with your project data. We will look into the synchronization problem with your integrations. Kindly provide us with your <acc_num> and details about the integrators you have contacted. We will contact you at <tel_num> for further discussion if necessary."
"Request for enhancements to improve the application's compatibility performance across multiple platforms, such as iOS and Android. This would significantly enhance the user experience, allowing for seamless interactions with the app. We believe such enhancements would be highly beneficial and increase overall user satisfaction with the application. We look forward to hearing about any updates or improvements made.","<name> thanks for your feedback on enhancing compatibility across multiple platforms for the application. We understand the importance of providing a seamless user experience. The development team will review your request and consider it for future updates. You will be kept informed about the progress and changes. If you have any questions or concerns, please do not hesitate to contact us at <tel_num> or reply to this email at <acc_num>, referencing this ticket."
Could you furnish detailed solutions for securing medical data in hospital settings? Seeking a reliable and efficient method to safeguard sensitive patient information.,"We can offer a range of solutions for securing medical data in hospital environments, including encryption, access controls, and monitoring systems. These solutions are designed to protect sensitive patient information and ensure compliance with regulatory requirements. I would be happy to discuss these solutions in more detail. Please provide your contact information so we can arrange a convenient time to call at <tel_num> for further discussion."
"An unauthorized access attempt was detected on the hospital systems. This may have occurred due to outdated software or phishing. The issue is being addressed by applying security patches to the affected software and conducting user training sessions to prevent similar incidents in the future. Access logs are being reviewed, and additional measures are being taken to enhance system security. The hospital's team is working diligently to ensure the integrity of patient data and prevent potential breaches. If you have any questions, please let us know.","Dear [Name], thank you for your email regarding the hospital system security issue. We are pleased to inform you that security patches have been applied and user training sessions conducted to prevent similar incidents. Could you please provide more information on the access logs review and the additional measures taken to enhance system security? If available, it would be convenient to schedule a call at [Tel_num] to discuss the matter and address any questions or concerns you may have regarding the hospital's system security. Best regards."
"I am encountering sluggish access to medical data and delayed transfers. This may be due to an incorrect Kubernetes setup. Despite restarting the Aruba switch and updating the Sophos application, the issue remains unresolved. I would be grateful for your help in addressing this. Kindly inform me of the subsequent actions to proceed.","In response to your email concerning the difficulties with medical data retrieval, I understand that you have attempted restarting the Aruba switch and updating the Sophos application but the issue still persists. To better assist you, it would be beneficial to understand your current Kubernetes configuration. Please provide detailed information about your setup. I will review this information and arrange a call at a convenient time for you to discuss the next steps to resolve the medical data access issue."
Hello support team,"Hello, thank you for reaching out to our support team. We are here to assist you today. Please provide us with more details so we can better help you."
Seek advice on securing medical data using Google Keep and MongoDB version 4.4.,"Offer guidance on securing medical data with Google Keep and MongoDB 4.4. The team will outline practices such as encryption, access controls, and compliance with regulations like HIPAA. We will discuss and implement secure data storage and retrieval processes to protect sensitive medical information."
Seeking assistance with the integration of GitLab's project management SaaS for a smoother workflow. Would appreciate any information or details on the available resources.,"I would be delighted to assist with your GitLab integration. I can provide guidance from the website, schedule a call to discuss the process in detail, and ensure that the steps needed for integration align with your convenience."
Can you provide information on the best practices for onboarding new team members to the project management platform? I require guidance to help them get started quickly and efficiently.,We provide a step-by-step onboarding guide and training sessions to help new team members get started efficiently on the project management platform.
"I am writing to request an update to the billing integration to improve compatibility with QuickBooks Online and related products. It is important to ensure a seamless integration to avoid any potential issues that may arise from an outdated integration. I would greatly appreciate it if the update could be implemented as soon as possible. Please let me know if there are any additional steps required, and the information needed from me. I look forward to hearing back from you to find a solution to this matter. Thank you for your time and assistance.","<name> has received the request for updating the billing integration to improve compatibility with QuickBooks Online and related products. We understand the importance of a seamless integration and appreciate your proactive approach to avoid potential issues. To move forward with this request, we need to verify some information from your account <acc_num>. Could you please confirm your current billing setup and the specific version of QuickBooks Online you are using? This will enable us to provide a suitable update that meets your needs. If necessary, we may schedule a call to discuss further."
The encryption process has encountered difficulties following recent software updates.,"Dear <name>, I am writing to confirm your concern about the encryption issues related to your medical data following recent software updates. To better address this, could you provide additional information on the specific error messages and the software updates that were applied? I am here to help resolve this, and if necessary, a call can be scheduled at a convenient time for you to discuss this further."
"Greetings Customer Support, I am writing to seek information on the payment options for integrating JIRA with WooCommerce and Adobe Creative Cloud subscriptions. Could you provide details on the various payment plans and accepted methods? I would also appreciate any information on discounts or promotions that might be applicable. Additionally, I would like to know if there are any specific requirements or restrictions for this integration. I look forward to your response. Thank you for your assistance. Best regards, [Your Name]","Hello [name], we appreciate your interest in integrating JIRA with WooCommerce and Adobe Creative Cloud. We offer payment plans such as monthly and annual subscriptions, with accepted payment methods including credit cards and bank transfers. Discounts are available for long-term commitments and bulk purchases. For more detailed information on payment plans and discounts, I would like to discuss this further with you. Would you be available for a call at your convenience to go over the specifics, requirements, and any restrictions for integrating these services? Please let me know a suitable time to call you at <tel_num>."
"Hello Customer Support Team, I am seeking detailed documentation to optimize my investment analytics using Apache Hadoop. Could you provide any resources or guides that might help improve the performance of my Hadoop data analysis and processing? Your support would be greatly appreciated and I look forward to your response. Please let me know if there is any additional information you need to provide an accurate response.",Resources for optimizing Apache Hadoop for investment analytics are available. Please provide any additional information needed.
I would like to know more about your digital strategies for enhancing brand growth and the services you provide. Could you give me more details on the services you offer?,"Dear <name>, thank you for your interest in our digital strategies for brand growth and expansion services. We provide a variety of services such as social media management, content creation, and online advertising. I would be pleased to go into more detail about these services. Please let me know if you would like me to contact you at <tel_num> to arrange a suitable time for a discussion."
"Customer Support, we have an inquiry regarding the securing of medical data for our Smart-Hörgerät products. Could you provide some guidance on best practices for protecting sensitive medical information? We would greatly appreciate any recommendations or resources that can help ensure the confidentiality and integrity of the data. Specifically, we are interested in learning about encryption methods, access controls, and data storage solutions. Please let us know about your expertise and experience in this area. Thank you for your time and assistance. We look forward to hearing from you.","{name}, we can provide guidance on securing medical data for our products, including encryption methods, access controls, and ensuring confidentiality and integrity. Please call {tel_num} to discuss and we can offer you recommendations and resources. Thank you."
We have encountered a data breach due to outdated software and improperly configured network settings. Actions taken include updating the TP-Link switch firmware and securing user access credentials.,Acknowledged receipt of the data breach notification. We appreciate the steps taken to update the firmware and secure user access credentials. Please provide additional details to assist in our review.
Seeking to update digital marketing strategies for improved brand growth across product lines.,"<name>, thanks for reaching out regarding the update to digital marketing strategies aimed at enhancing brand growth across product lines. We appreciate your interest in improving our brand's online presence. To better understand your requirements, could you please provide details on your current digital marketing efforts, specifically targeting the product lines you would like to focus on? This information will help us tailor our approach to meet your unique needs. We aim to have a clearer understanding of your goals."
"To Customer Support Team, I am contacting you regarding an issue with our data analysis software that is not functioning properly. Despite restarting the program and verifying for recent updates, the problem continues. I kindly ask that you investigate and offer a prompt solution. I will be available to offer further details if needed or to answer any questions you might have. Thank you for your prompt attention to this matter, as it is impacting our workflow and requires timely resolution. So far, my attempts to resolve the issue on my own have been unsuccessful, and I hope you can assist. Best regards, [Your Name]","Dear [Name], we appreciate you contacting us about the trouble you are experiencing with the data analysis software. I regret the inconvenience and am here to assist you. To better address the issue, could you please provide specific details of the error messages you are encountering and a summary of the actions you have already taken? Additionally, could you specify the software version you are using and any recent changes to your system? I will work swiftly to find a resolution or arrange a call at your convenience to discuss further. Kindly inform me of a suitable time to contact you at <tel_num>. Thank you."
"I am reaching out to seek information on digital strategies that drive brand growth with your integrated products. Could you provide me with some insights on this topic? I would greatly appreciate any guidance or resources you can share. Specifically, I am interested in learning how these products can aid in increasing brand awareness and customer engagement. Thank you for your time and assistance. I look forward to hearing from you soon.","I would be delighted to provide information on digital strategies that drive brand growth with our integrated products. Our products enhance brand awareness and customer engagement through targeted marketing and personalized customer experiences. I can offer you guidance and resources on this topic. For further discussion, could you please indicate a convenient time for a call, and I will reach out to you to provide more details and address any questions you may have."
"A critical issue has arisen during the analysis of investment data, leading to delays in report generation. This problem might be due to software incompatibilities or configuration errors. Steps such as restarting applications and clearing cache have been taken, but the issue remains unresolved. We kindly request your assistance in resolving this matter as soon as possible.","To better address the issue with investment data analysis, please provide detailed information about your software configuration. You can contact us at <tel_num> to discuss this further."
"Dear Support Team, I hope this message finds you well. I am contacting you to address a recent issue with my invoice. It seems that I have been overcharged, and despite my efforts to rectify it, the problem continues. I would be grateful if you could investigate and send me a corrected invoice without further delay. Please let me know if you require any further information from me to help resolve this. As a long-time customer, I trust that we can handle this situation amicably. I am looking forward to your prompt response. Thank you for your assistance. Sincerely, [Your Name]","Dear [Your Name], we are grateful for your prompt communication regarding the overcharge on your invoice. We sincerely regret this oversight and thank you for your patience and continued support. We will examine this matter and aim to provide a corrected invoice at the earliest opportunity. To better assist in resolving this issue, could you please provide us with your account number and the date of the relevant invoice? Additionally, any documentation or details about the overcharge, such as the amount and the specific services or products it pertains to, would be very helpful. If necessary, we may contact you at [Your Tel Num] to discuss further. We will thoroughly review your account and work towards a timely resolution. We appreciate your cooperation and look forward to updating you on our progress. We will be in touch soon. Thanks for your understanding. Best regards, [Support Team Name]"
Would like to know about digital strategies employed by brands with Adobe Creative Cloud and Grammarly. We would appreciate detailed information on tools that enhance brand content creation and editing processes.,I would be happy to discuss digital strategies using Adobe Creative Cloud and Grammarly. Please allow me to schedule a call to provide you with detailed information.
"A potential security vulnerability has been identified in the hospital's system. It may have occurred due to outdated software and misconfigurations. A preliminary audit was conducted, and routine updates have been applied to mitigate the issue. However, further investigation is needed to determine the root cause and ensure the system's security. Assistance from the customer support team is requested to resolve the matter promptly and prevent potential breaches.",Received your email regarding the potential security vulnerability in the hospital's system. The issue will be escalated to the security team for further investigation. Please provide the details of the audit report and the updates that have been applied. Contact <tel_num> to discuss the next steps and ensure necessary follow-up to secure the system.
We recommend integrating the Wave audio tool with Trackball to boost features and collaborative efforts.,"Dear <name>, we value your idea of integrating the Wave audio tool with Trackball to enhance project management functionalities and collaboration. As we strive to continually improve our offerings, we will certainly take your suggestion into consideration. To better comprehend your needs, could you please share more details regarding the desired features and collaboration methods? We will evaluate your feedback and explore potential implementation strategies. Should further discussion be required, we can arrange a call at <tel_num> at a time that suits you."
Notification of a data breach within the hospital's system has been received.,"Thank you for bringing this matter to our attention regarding the data breach detected in the hospital's system. Ensuring the security of our systems is of utmost importance. Please initiate an immediate investigation into the incident. Could you please provide us with detailed information about the breach and any data that may have been compromised? This will help us assess the situation accurately. If further discussion is necessary, we may need to contact you directly for a more in-depth conversation. We would be available for a call at your convenience, please let us know."
"Our agency is facing irregular connection issues with the Moodle Blackboard Learn system. This may be due to network overload or multiple devices accessing simultaneously. We have already restarted the router and monitored bandwidth usage, but the issue still persists and we need assistance to resolve it. Please provide guidance on how to troubleshoot and fix the problem. We would greatly appreciate recommendations on optimizing the network configuration to prevent similar issues in the future.","I would be happy to assist with the connection issues. Please provide details on the network configuration, any error messages received, and guide us through the troubleshooting steps. Additionally, we can recommend optimizations to prevent similar issues in the future."
"Dear Customer Support, I am writing to inform you of a serious data breach that has affected the security of my medical records. The breach may have occurred due to weak access controls, and I am taking immediate action to rectify the situation. I have already implemented emergency password resets and am reviewing user permissions to prevent unauthorized access. I understand the severity of the issue and am working diligently to ensure the security of our systems. I would greatly appreciate any guidance or support you can provide in addressing this matter. Please.",We have received your email regarding the data breach. The issue has been escalated to the security team. Please contact <tel_num> to discuss the steps we can take to provide guidance and secure the medical records system.
"I am facing a payment processing error that may be related to my outdated billing software. I have already restarted my system, reviewed the logs, and reached out to my bank, but the problem occurred unexpectedly. I would greatly appreciate your help in resolving this issue.","I would be glad to assist you with the payment processing error. Could you please share the specific error message you are receiving? Additionally, I will need your account details to investigate this further. Is it alright if I call you at a convenient time to discuss this problem?"
"Hello Customer Support, I am writing to request details on data analytics tools that are suitable for optimizing investment portfolios for financial institutions. Could you please share information on the tools available and their features? I am particularly interested in their capacity to analyze market trends, forecast portfolio performance, and offer optimization recommendations. Additionally, I would greatly appreciate any information on the process for implementing these tools and the required training and support. Thank you for your attention and assistance. I am looking forward to your response.",We will reach out to provide information about available data analytics tools shortly.
A security breach has been identified in the systems. It is suspected that the issue arises from outdated antivirus software and misconfigured settings.,"We are currently addressing a case related to the detected security breach in the systems. To proceed, could you please provide more details on the current antivirus software and its settings? It would be convenient to have a call to discuss the next steps. Please let us know a suitable time for the call."
Can you tell me about the integration possibilities of Notion with your project management software?,"Our platform supports smooth integration with Notion, which allows linking pages and databases and synchronizing data. For more information, our support team can provide additional details and assist you in setting it up. If you prefer, we can schedule a call to discuss this in more depth."
I would like to know more about the scalability solutions your SaaS project management tool offers for large teams. Could you share details on how your tool accommodates expanding teams and what features are included to ensure smooth collaboration?,"Dear <name>, we value your interest in our SaaS project management tool for large teams. Our tool is designed to scale with your team and supports seamless collaboration through features like unlimited user licenses and customizable workflow management. We would be pleased to discuss your specific needs and offer a tailored solution. Please let us know if you would like to schedule a call at <tel_num> to explore further."
"I am encountering difficulties with syncing data across different platforms due to possible incompatible updates or configuration problems. Despite attempts to restart services, examine logs, and update dependencies, the issue remains unresolved. I would greatly appreciate your help in addressing this. Could you please guide me on the next steps to take to resolve this matter?","I am here to assist you with the data synchronization issue you are facing. In order to better diagnose the problem, could you please furnish me with additional details regarding the platforms and updates involved, as well as any specific error messages you have encountered? I will review this information and provide a detailed plan of action. Should further discussion be required, I am open to scheduling a call. If you are available for a call, please let me know your preferred time, and I will make sure to contact you at <tel_num>."
"Hello Customer Support, we are inquiring about the process of integrating the DataRobot SaaS project management platform. Our goal is to leverage DataRobot's capabilities to enhance our project management. Could you provide detailed information on the integration process, including necessary documentation, APIs, and developer resources? We would greatly appreciate any guidance on how to start and any potential challenges we may face. Additionally, could you provide details on how integrating the DataRobot platform could benefit us and improve our operations?","Hello, thank you for reaching out to our customer support team regarding the integration of the DataRobot SaaS project management platform. We would be happy to provide you with detailed information on the integration process, including necessary documentation, APIs, and developer resources. To get started, we recommend visiting the developer portal to find detailed guides and tutorials for integrating the DataRobot platform. If you have any specific questions or need additional assistance, please let us know as we are happy to help. Alternatively, we can schedule a call to provide you with more detailed guidance."
"Hello [Your Name],\n\nI hope this message finds you well. We understand that you are looking for assistance in integrating Firebase into your macOS environment with the aim of improving data analytics for your application. At present, there are challenges in the effective collection and analysis of user data, which is affecting decision-making on the future trajectory of your product.\n\nYour development team is exploring various solutions to enhance your data analytics capabilities, and we believe that Firebase could be a suitable choice. However, there are some uncertainties regarding the appropriate method to proceed. We are more than willing to offer you expert guidance and recommendations based on your specific needs.\n\nSpecifically, we are interested in providing details on setting up Firebase on macOS, along with configurations to ensure the collection and analysis of required data. Additionally, our aim is to educate you on the diverse features and tools available through Firebase, such as Google Analytics and Cloud Functions, and how they can be utilized to optimize data analytics.\n\nWhile we can provide general advice on best practices for data analytics optimization, such as effective data collection and analysis techniques, it would be beneficial to have a detailed discussion. I would like to arrange a call at your convenience to discuss your requirements and provide personalized advice. Please let me know a suitable time to contact you at [Phone Number].\n\nThank you for considering our support. We look forward to your response and hope to assist you in optimizing your data analytics process.\n\nBest regards,\n[Support Team Name]","Dear [Your Name],\n\nThank you for reaching out. I appreciate your interest in integrating Firebase into your macOS system to boost your data analytics efforts. To ensure we address your specific needs effectively, it would be helpful to schedule a call to discuss your requirements in greater detail and provide tailored advice for setting up Firebase and its feature utilization, such as Google Analytics and Cloud Functions. Please let me know a convenient time to speak with you at [Phone Number]. In the meantime, I can share general best practices for data analytics optimization, including effective data collection, analysis, and interpretation strategies. I look forward to your response and am excited to assist you with your [Account Number].\n\nBest regards,\n[Support Team Name]"
"The data analytics dashboard is stopping at random intervals, leading to the loss of investment data. This is because of mismatched versions of Android Studio and Redis. I've attempted to restart the dashboard and inspect the Redis logs, but the problem is still ongoing. I would greatly appreciate your help in solving this issue and in preventing any future crashes.",I will help you with the dashboard problem. Could you please provide your account number and a convenient time for a callback so we can discuss this further?
Could you provide information on the billing plans for the Airtable integration in our project management SaaS solution? I would appreciate any details on pricing and available discounts.,We will get back to you soon.
"Facing connectivity challenges with the Mesh Network, which is impacting digital marketing efforts. The issue might be due to outdated firmware. I've already attempted to reboot and check the device connections, but the problem still exists. I would greatly appreciate your help in resolving this matter at your earliest convenience.","Acknowledging the issue with Mesh Network Connectivity. To assist further, could you please provide the model number and current firmware version of the Mesh Network devices? It would be helpful to schedule a call at a convenient time for you to troubleshoot the issue. Please let me know a suitable time for the call, or you can contact us directly at <tel_num> to discuss possible solutions, which may include firmware updates or device replacement, and we can proceed with <acc_num>."
Marketing agency is facing connectivity issues on various devices and applications. This might be due to a network configuration error or a software conflict.,Please contact <tel_num> to troubleshoot the network connectivity issue for the marketing agency.
"There has been an unexpected data breach where the infrastructure was compromised, leading to the exposure of secure medical records. This may be due to misconfigured firewall settings or outdated software. Despite attempts to restart affected systems and update security protocols, vulnerabilities persist. Immediate assistance is required to address the situation.","We have received your email about the data breach affecting the infrastructure. To assist further, we need details on the steps you have already taken to address the breach. Could you please provide information on the specific affected systems and the vulnerabilities you are encountering? We can schedule a call at your convenience to discuss the situation and develop a plan to rectify the issue and prevent future occurrences."
"Customer Support, a data breach has been reported at a hospital, leading to the compromising of sensitive medical data due to inadequate security protocols. Immediate action has been taken, including implementing basic encryption and updating passwords. However, further assistance is needed to enhance security measures to prevent future incidents. We would appreciate guidance on advanced security protocols, such as firewalls and intrusion detection systems, as well as regular security audits. Additionally, further assistance is required.","We will assist in enhancing security measures to ensure compliance. Please provide your contact information, including <tel_num> and <acc_num>, so we can reach out to discuss a detailed plan of action to rectify the situation and prevent future breaches."
There has been an instance of unauthorized access to medical records. This might have happened due to outdated security protocols. Steps have been taken to update user permissions and conduct a system audit to identify any vulnerabilities.,Immediate investigation and necessary security measures are required.
"Hi there, I'm contacting you to seek advice on the best strategies for combining Firebase with Kubernetes to support expansive digital marketing efforts. Firebase and Kubernetes, with their extensive tools for mobile and web app development and strong container orchestration, can provide a scalable and efficient solution. However, merging these technologies involves careful attention to aspects like data consistency, security, and performance optimization. I would greatly appreciate any resources or tutorials you can offer, and I am also interested in case studies that demonstrate successful integrations. If possible, could you suggest monitoring and troubleshooting tools to address any challenges that may arise during the integration? Your help is much appreciated, and I look forward to your response.","Hello, thank you for contacting our support. We're glad you're looking to integrate Firebase with Kubernetes. We suggest reviewing the official Firebase and Kubernetes documentation for best practices. We can also share relevant tutorials and case studies with you. If you prefer, we can set up a call at <tel_num> to further assist you with the integration process and recommend the best monitoring and troubleshooting tools."
Help,I am here to assist you. Please provide more details about the issue you are facing so that I can offer you a more effective solution.
"Dear Customer Support, I am contacting you to report an issue with the medical data encryption, which has suddenly stopped working. I suspect that this might be due to insufficient updates of the Cisco IOS. Despite attempting to restart the HTC Vive Cosmos VR system, the issue remains unresolved. I would greatly appreciate your assistance in quickly addressing this concern. Could you please provide guidance on what actions I should take next? Given the critical nature of the security of our medical data, prompt resolution is essential. I look forward to your prompt response. Thank you for your time and support. I await your contact.","We have acknowledged your email regarding the medical data encryption issue. To better assist you, we require information on your current Cisco IOS version as well as any error messages you are encountering. Kindly contact us at <tel_num> to discuss the subsequent steps for resolving this problem."
"I am reporting an unexpected crash of our medical data encryption system. It is possible that this issue is due to software compatibility problems. We have already attempted to restart the servers and reviewed the system logs, but the problem remains unresolved. We would greatly appreciate any prompt assistance to ensure the security and integrity of our medical data.",I will look into the crash of your medical data encryption system and get back to you for further assistance and resolution.
"Dear Customer Support Team, I am contacting you to learn more about how data analytics can enhance investment decision-making with your products. Could you provide detailed information on the tools and services that can aid in data-driven investment strategies? I would greatly appreciate any advice on getting started with data analytics for investment optimization. Additionally, could you share any available resources or tutorials that could help me understand this better? I am eagerly looking forward to your response and exploring how your products can assist in making more informed investment decisions. Thank you for your support and assistance. Best regards, [Your Name]","Dear [Your Name], we provide various data analytics tools to optimize investment decisions. Our services include data-driven insights and investment optimization solutions. We have resources and tutorials available to help you get started. I would be delighted to discuss this further with you. Please let me know a convenient time for a call at [tel_num] to explore how our products can assist you."
"SQL queries have begun timing out recently, likely due to an overloaded server or software conflicts.",I will look into the problems with the data dashboard and will contact you at <tel_num> to discuss potential causes and solutions for the SQL query timeout issues.
We are looking to enhance our digital marketing strategies which impact multiple products. We seek support to improve brand growth and ensure service continuity. We would greatly appreciate your guidance and assistance in achieving our goals. Please let us know the next steps to proceed.,"Thank you for reaching out to our service desk regarding marketing strategy support. I would be happy to help enhance your digital marketing strategies to improve brand growth and ensure service continuity. To better understand your requirements, could you please provide details on the specific products and areas you would like to focus on? Based on this information, I can provide tailored guidance and support, outlining the next steps for you. When convenient, we can schedule a call at <tel_num>."
"Dear Customer Support, I am submitting a report regarding an issue with the SaaS platform. Upon launching the platform, users are experiencing considerable lag when tasks are loading, which may be due to high traffic and insufficient server resources. Despite attempts to scale and optimize the server, the issue with lag continues to persist. This lag is negatively impacting user experience and productivity. I would greatly appreciate it if you could look into this matter and provide a solution at your earliest convenience. Additionally, if you need any further information, please let me know.","Hello, thank you for reporting the issue with the SaaS platform. We apologize for the inconvenience caused by the lag. To assist us further, could you please provide details on your server configuration and the optimization attempts you have made so far? We will investigate the matter and provide a solution as soon as possible. Feel free to contact us at <tel_num> to discuss any additional information needed."
"customer support, seeking detailed guidance on optimizing Squarespace for improved brand visibility and growth. interested in practices that can enhance website performance, boost online engagement, and increase sales. Could provide a step-by-step guide on how to optimize a Squarespace website? would also appreciate any tips or recommendations. Additionally, interested in knowing specific tools and features that can be used to enhance the brand's online presence. Thank you for your time.","Dear customer, thank you for reaching out to our service desk. We appreciate your interest in optimizing your Squarespace website for enhanced brand visibility and growth. To improve website performance, increase online engagement, and drive sales, we recommend starting with search engine optimization and ensuring your website is mobile-friendly. We can provide step-by-step instructions and tips on how to utilize Squarespace's built-in features, analytics, and SEO tools to enhance your brand's online presence. Would you like to schedule a call at <tel_num>?"
"The login process failed unexpectedly this morning, which might be related to the server maintenance that occurred overnight. I have already tried restarting my browser and clearing the cache, yet the problem still exists.",I will look into the login issue and reach out to you at <tel_num> if further details are required to address the problem.
"Hello, I am contacting you to request information on the integrations that are compatible with Evernote. Could you please share a list of applications and services that can be integrated with Evernote? Additionally, I would be grateful if you could provide guidance on the integration procedure and any limitations that might apply. I am looking forward to your response and am open to a more detailed discussion at your earliest convenience. Thank you for your time and assistance.","Greetings, thank you for reaching out to our Service Desk to inquire about Evernote integrations. We offer a variety of compatible applications and services such as Google Drive, Microsoft Outlook, and Slack, among others. The integration process usually involves linking your Evernote account to the desired application or service using our website or the application itself. Note that some integrations may have certain limitations or require a subscription to function correctly. For a thorough list of available integrations and detailed instructions, I can provide you with a link to our support page or we can schedule a call at a time that suits you for a more in-depth discussion."
"Customer Support,<br>A security breach has been detected in the hospital system, impacting medical data. It is suspected that outdated software may have contributed to the incident. We have attempted to update security protocols and conduct virus scans to address the issue immediately.<br>We require your assistance to resolve this matter as soon as possible to prevent further damage.<br>Sincerely,<br>[Your Name]","We are currently addressing the security breach in the hospital system. To assist you, we need information on the steps taken regarding the outdated software. It would be convenient to schedule a call to discuss and determine the appropriate course of action to resolve the issue promptly."
Could you provide more information on the digital strategies available to support brand growth? I am particularly interested in learning about the specific services offered that could help businesses expand their online presence. I look forward to your prompt response and appreciate your assistance.,We offer customized digital solutions that include SEO and social media management to enhance your online presence and drive brand growth.
"Hello Customer Support, our marketing agency's website is currently experiencing downtime, which is impacting brand visibility and sales. It may be due to server overload or misconfigured plugins. We have already restarted the server, cleared the cache, and disabled any recent updates, but the issue still persists. This website downtime is causing significant financial loss in terms of potential customer revenue. We would greatly appreciate it if you could look into this matter urgently and provide a solution to get the website running as soon as possible. Please let us know.","Dear [name], we apologize for the issue with the website downtime and appreciate the troubleshooting steps that have been taken. We will investigate the matter urgently. For further assistance, could you please provide us with the account number and a good time to call you at [tel_num] to discuss possible solutions and next steps to get the website running as soon as possible."
The system encountered a data breach. We have updated Malwarebytes and reinforced firewall settings.,We appreciate the update and would like to discuss steps to ensure account <acc_num> is secure. Immediate action is needed.
The recent campaign was unsuccessful due to technical problems. Our troubleshooting attempts were not successful.,We apologize for the issues with the recent campaign and would like to investigate further. Could you please provide details on the technical glitches experienced and the troubleshooting steps you have taken? We are happy to assist in resolving the issue.
I would like to explore more about digital tactics for brand expansion and how these can be put into practice for achieving success.,I am glad to assist you with digital tactics for brand expansion. Please provide a convenient time to call you at <tel_num> for a detailed discussion.
"I am contacting you to seek information regarding integration options for Xero with your project management SaaS solution. Could you kindly furnish me with details on the available integration methods and relevant documentation or support resources? It would also be helpful to know if there are any specific prerequisites or constraints related to integrating Xero with your platform. Moreover, do you have any plans for future enhancements or expansions in the Xero integration? Thank you for addressing this request. I eagerly anticipate your response and look forward to a detailed discussion.","We can supply information on Xero integration methods and documentation. Our platform supports API and Zapier integration. For more information, please refer to our website. I will contact you at <tel_num> to go over further specifics and address any questions you have about upcoming enhancements and expansions."
"I am reaching out to inform you about an unforeseen error during the payment processing. This error could be related to outdated software or a configuration problem. I have already restarted the system, reviewed the logs, and contacted the bank, but the problem continues. I would greatly appreciate your investigation and prompt resolution of this issue.",Thank you for your email concerning the payment error. I will look into this matter. Could you please provide your account number and the exact error message you are seeing? I will reach out to you at a convenient time to discuss this further and resolve the issue. Would you be available for a call at your preferred time?
"Customer Support, encountered an unexpected charge on my account, which is affecting our budget for digital marketing activities. This might have occurred due to a billing error or miscommunication related to package upgrades. After verifying subscription details and checking for unauthorized transactions, the issue still persists. Could you please look into this matter and provide a resolution and explanation for the charge? I appreciate your assistance in resolving this issue and would like a detailed breakdown of my current subscription and any recent changes. Thank you.",We will review your account and contact us at <tel_num> to discuss the charge and provide a detailed breakdown of your subscription.
"The campaigns were initiated with outdated BIOS settings, likely owing to insufficient software updates. This could have led to compatibility issues. I have restarted the servers and verified the network configurations.",Further details required
"I am contacting you to seek ClickUp integration guides for Adobe Photoshop CC 2021 and QuickBooks Online. Could you kindly provide detailed, step-by-step instructions on how to integrate these tools with ClickUp? Any resources or assistance you can provide to help me begin this process would be greatly appreciated.","Dear <name>, thank you for reaching out to our support team. We will supply you with the ClickUp integration guides for Adobe Photoshop CC 2021 and QuickBooks Online. I would like to schedule a call with you to discuss the step-by-step instructions on how to integrate these tools with ClickUp. Would you be available for a call at a time that fits your schedule, or would you prefer that we send you the guides via email and you can reach out if you have any questions about the integration process? Please let me know which option you prefer."
"Dear Customer Support, <br>We are reporting an issue that several users have encountered with the recent software updates. The problem seems to be related to billing discrepancies, which may have been caused by integration or data migration errors. Our team has reviewed the transaction histories of the affected users and attempted to resync the system, but unfortunately, the issue was not resolved. <br>We would greatly appreciate it if you could look into this matter and provide a solution at your earliest convenience. Please let us know if we need to contact you at <tel_num> to further discuss the issue.","Thank you for bringing the issue of billing discrepancies related to recent software updates to our attention, <name>. We would like to investigate this matter further. Could you please provide us with detailed information about the affected users and the transaction histories that were reviewed? If necessary, we can contact you at <tel_num> to discuss the issue in more detail. We will work to resolve the issue as soon as possible and provide a solution to correct the billing discrepancies."
May we offer insights to optimize your digital strategies?,"'name' thanks for your inquiry regarding strategies to enhance digital brand growth. Our team would be delighted to provide insights on how to improve your digital strategies to achieve a better online presence and engagement. We can discuss ways to enhance your website, social media, content marketing efforts, and how to better reach your target audience. We can also provide information on your current digital setup and goals, offering tailored guidance. We are available for a convenient call to discuss your needs and answer any questions you may have."
"Customer Support, I am inquiring about digital strategies that can drive brand growth. Could you provide more details on the methods used to increase brand awareness and engagement? I am particularly interested in learning about social media marketing efforts to measure their effectiveness. Additionally, I would appreciate information on content marketing strategies to optimize our website for search engines. Thank you for your time and assistance. I look forward to hearing back soon. Please let me know.","Dear [Name], thank you for your email and for your interest in digital strategies. We use various methods to drive brand growth, including social media marketing and content marketing. To provide you with more specific information, please let us know the specific areas you are interested in, as we are happy to assist and provide more details according to your needs."
"There has been a decline in marketing campaign metrics following recent algorithm updates. Despite reviewing and modifying the targeting settings and message content, there has been no improvement. Assistance is required to address this issue and enhance the campaign's performance.","We are here to assist with the metrics issue related to your campaign. To better understand the situation, could you please provide more details on the algorithm changes and the adjustments made to the targeting settings and messaging? Additionally, we would like to schedule a call to discuss this further. Please let us know a convenient time for you, and we will contact you at <tel_num> to resolve the issue related to campaign <acc_num>."
"Dear Customer Support, I am reaching out to request enhancements to the data analytics tools to improve investment optimization. The current tools are lacking and do not provide the necessary insights for making informed decisions. I would like to see advanced features integrated into the existing software to significantly improve the user experience and provide a competitive advantage. I look forward to hearing from you soon.","Dear [Name], we appreciate your feedback regarding the data analytics tools and your request for enhancements with advanced features. A representative will contact you soon to discuss this further."
"Respected Customer Support, I am writing to ask about the pricing for integrating Blackboard Learn into your SaaS project management solution. Could you kindly give me a detailed outline of the associated costs? Additionally, it would be helpful to know if there are extra services or features included in the integration deal. Moreover, I am interested in learning about any discounts provided for long-term deals or bulk purchases. I look forward to your response. Thank you for your support and time.","Hello <name>, thank you for contacting us regarding the pricing for integrating Blackboard Learn with your SaaS project management platform. We would be glad to offer you a comprehensive cost breakdown. The integration includes a setup fee and an annual subscription fee, which fluctuates according to the number of users and features needed. We also provide extra services such as premium support and training, which can be added at an additional cost. Discounts are available for long-term commitments and bulk purchases, and we can discuss this in more detail. I would like to arrange a call with you to discuss your specific needs and provide a customized quote. Could we schedule a call at a time that is convenient for you?"
"I am interested in learning about digital marketing services to help my business grow. Could you provide details on the services you offer, such as SEO, social media management, and content creation? I would greatly appreciate information on how these services can enhance brand growth and increase online presence. Thank you for your time, and I look forward to hearing from you.","Hello [Name],\nThank you for your interest in our digital marketing services. We offer a range of services including SEO, social media management, and content creation to help businesses like yours grow and enhance your online brand presence. Our services are designed to increase online visibility, drive traffic to your website, and ultimately boost sales. We would be happy to discuss how we can tailor our services to meet your specific business needs. We are available to call at your convenience to discuss further."
"Dear customer support, multiple users have reported performance issues with our SaaS platform on Microsoft Windows 10 Pro. These problems might be due to recent software updates or integration conflicts with third-party applications. Despite trying to troubleshoot by clearing the cache, reinstalling affected applications, and checking network connectivity, the issues still persist. I would greatly appreciate your assistance in resolving this matter, as it is affecting the users' experience.",We acknowledge the performance issues reported for our SaaS platform on Microsoft Windows 10 Pro and appreciate the troubleshooting steps you have already taken. We will investigate this matter further. Could you please provide more details on the recent software updates and third-party applications you are using? Knowing any specific error messages or symptoms experienced by the users would be very helpful. We are happy to discuss this at a convenient time; please let us know a suitable time to reach out.
"I am facing display-related problems with the Acer Predator XB273K monitor while using a project management SaaS platform. Despite attempting to adjust monitor settings and reinstalling the application, the issue still exists. I would greatly appreciate any assistance in resolving this problem.","Dear [Name], we regret to hear that you are experiencing display issues with your monitor while using our project management SaaS. We are willing to assist you in resolving this problem. Please provide us with detailed information about the issue, including any exact error messages or descriptions of what you are seeing. Additionally, it would be helpful if you could tell us which operating system and browser you are using. We prefer to discuss this further over a call at [Tel Num], or you can continue troubleshooting via email. Please let us know a convenient time for a call, or if you prefer to continue via email."
"Customer Support, compiling a critical report on an issue with the medical records system. We have encountered a data security breach, which may be due to outdated encryption protocols. Although we have tried to apply software updates, vulnerabilities persist, and we are seeking urgent assistance to secure sensitive patient data. The breach has put patients' confidential information at risk, and it is essential to resolve the matter promptly. We would appreciate immediate guidance and support.","Received your report regarding the data breach in the medical records system. The issue has been escalated to the security team. Please expect a call from us at <tel_num> to discuss further. In the meantime, please attempt to apply the updates to avoid any potential compromise to the system. Your account number is <acc_num>."
"Our system went through unexpected downtime impacting all users. There might be a server overload issue or a possible software bug. After restarting the server and reviewing the logs, the problem still exists. We are diligently investigating to fix the issue promptly. We kindly request your feedback if you have any questions or concerns.","Dear <name>, thank you for bringing the server downtime issue to our attention. We regret the inconvenience this has caused for your users. We appreciate your efforts in troubleshooting, such as restarting the server and examining the logs. We aim to resolve this issue swiftly and would appreciate it if you could share any error messages or logs you've reviewed. This information will help us understand the situation better and provide a more precise solution."
"Urgent request for integration updates to enhance compatibility and performance within the project management SaaS platform. The current integration is causing issues with data synchronization, leading to delays and inefficiencies. I would greatly appreciate it if you could prioritize this request and provide an estimated timeline for the updates.",Received your urgent request for integration updates to enhance compatibility and performance. We will prioritize this and provide an estimated timeline for the updates shortly.
"I am seeking detailed information on the data security measures implemented for the services and products offered by your hospital. Could you provide a comprehensive overview of the protocols and technologies used to protect sensitive patient data, including details on encryption, access controls, and compliance with relevant regulations?",The report will be sent.
"There has been a failure in the data synchronization between the HubSpot CRM and Asana systems. Having restarted the HubSpot CRM and verified the API connections, the issue still remains unresolved. It could be indicative of API compatibility problems.","Dear <name>, I am investigating the CRM synchronization issue you are encountering between HubSpot CRM and Asana. You have already attempted troubleshooting by restarting HubSpot CRM and checking API connections. Since the issue is still present, it might be due to API compatibility issues. To proceed, I would appreciate if you could provide a detailed account of the error message you are receiving or any pertinent logs. If necessary, I can also arrange a call at a convenient time for you to discuss this issue further and explore potential solutions. Kindly let me know a suitable time to contact you at <tel_num> or if you prefer to continue with further troubleshooting via email."
"I am in touch to bring to your attention an issue with medical data exposure that occurred during a recent system update. This problem might be due to inadequate firewall settings. Despite my efforts to resolve it by restarting the system and updating the firewall rules, the issue still remains. I kindly request you to look into this matter promptly and provide a resolution to prevent any future exposure of sensitive medical data.",We are investigating the matter urgently.
Can you provide detailed information on scalable SaaS capabilities for project management solutions?,"We offer a range of SaaS solutions for scalable project management, including workflow automation and resource allocation tools. We would be happy to provide detailed information and discuss solutions that meet your specific needs. We are available to discuss further at your convenience."
"Dear Customer Support Team, <br/>I am writing to inform you about an issue I encountered with our data analytics platform. It unexpectedly crashed, which might be due to software compatibility problems. Despite restarting the system, checking for updates, and ensuring configurations are correct, the problem remains unresolved. I would be grateful if you could help me resolve this issue promptly. Please inform me if you require any further details. Thank you for your time and support.",I will review your issue and contact you at <tel_num> to provide further assistance and resolve the data analytics platform crash.
"Respected Customer Service Team, I am addressing you to highlight the necessity to revise our digital marketing tactics for the impacted products. Our existing strategies are not achieving the expected outcomes, and it is crucial that we reevaluate our approach to enhance brand growth and interaction. There has been a noticeable drop in sales for the affected products, and swift action is required to address this issue. I recommend initiating a comprehensive analysis of our target audience, competitors, and market trends to uncover potential improvements. Additionally, I suggest engaging with social media platforms, influencer marketing, and content marketing to amplify our brand's visibility and attract a broader audience. It is also vital to concentrate on crafting engaging and personalized content that appeals to our target demographic and prompts them to take action. By updating our digital marketing tactics, we can increase brand recognition, fuel sales, and consequently promote overall business growth. I am keen to delve deeper into this topic and collaborate to put forward the proposed adjustments. I look forward to your feedback and eagerly await your thoughts on this matter.","Respected <name>, thank you for contacting us concerning the need to revise your digital marketing tactics for the impacted products. I appreciate the concerns highlighted about the decrease in sales and the urgency of taking prompt action. I concur that a thorough examination of your target audience, competitors, and market trends is essential to pinpoint areas for enhancement. I would like to arrange a call to discuss the proposed modifications and explore methods for implementation. Could you let me know a convenient time for the call? I will ensure to reach out to you at <tel_num>. Alternatively, please furnish more details about the affected products and the current digital marketing strategies in place so that I can offer more customized advice."
"I am contacting you to inquire about the flexibility of user roles and permissions in your project management software. As a prospective client, I am eager to understand how your platform can be customized to fit the unique requirements of our organization. Could you please inform me about the possibility of creating customized user roles and the ability to assign specific permissions to each role? Additionally, I would like to know the limitations, if any, on the number of custom roles that can be established. Furthermore, I am interested in learning how the tool manages permission inheritance and if it allows for assigning permissions at the project, task, or team level. We seek a tool that offers a high degree of customization to address the complex needs of our organization. I would appreciate it if you could provide any relevant information or direction. Thank you for your time and support. I anticipate your prompt response and look forward to your reply.","Dear <name>, we appreciate your email. Our project management software supports customization for user roles and permissions. Custom user roles can be created, and specific permissions can be assigned to each. We can go over the details and any limitations during a call at a time convenient for you. Please provide a suitable time to contact you at <tel_num>."
"We are encountering occasional login difficulties on the project management software. This might be caused by server overload during peak times. After clearing our cache and monitoring server load, the problem hasn't been resolved yet. We require urgent help to fix this.",A specialist will be assigned to look into this issue. Please provide details about the affected account and users to assist us.
"To Customer Support: I am communicating to inform you of an integration challenge we are experiencing with Microsoft Teams. The integration has failed, and I suspect this might be because of the latest API updates. I have attempted to restart the services and reviewed the configuration files, but the issue still exists. I would be immensely grateful if you could review this situation and provide a resolution at the earliest opportunity. Kindly inform me if you need any additional information from me to address this issue. I am willing to provide any necessary details or assistance. Thank you for your time and assistance. I am eagerly awaiting your response.","Hello <name>, we acknowledge the integration issue you have reported with Microsoft Teams. We will delve into this matter and consider the recent API updates as a possible cause. For more effective assistance, could you please share the error message you are receiving and the configuration files you have reviewed? If required, we can schedule a call at <tel_num> to discuss further. Please let us know a convenient time for you to be available. We appreciate your cooperation and will work swiftly to resolve this issue for your account <acc_num>."
A possible data compromise has been identified in the hospital's systems.,"<name>, please treat the potential data compromise in the hospital's systems with seriousness. Immediate action is needed to investigate and contain the issue. Conduct a thorough analysis to determine the scope and impact of the breach. In the meantime, recommend that users change their passwords and monitor their accounts for any suspicious activity. For more information about the breach, please let us know. We will provide updates as more information becomes available and additional details can be shared via a convenient call."
"Hello Customer Support, I am contacting you to report a serious problem. Our data encryption has failed, leading to the exposure of patient records. The issue could be due to outdated software or human error. We have attempted to restart the servers and review the configurations, but the problem continues. We urgently require your help to address this issue and prevent any additional breaches. Please conduct a thorough investigation and promptly provide a resolution. We appreciate your swift action in this matter and look forward to your response soon.","Hello <name>, we confirm the receipt of your email concerning the data encryption malfunction. We take this incident very seriously and will investigate immediately. To assist us in resolving the issue, could you provide further details about your current software version and the specific error messages you are encountering? We will call you at <tel_num> to discuss further and offer a solution to prevent any future breaches."
I am contacting to ask about how to optimize data analytics tools for investment forecasting and portfolio management. Could you give me some guidance on the best practices and the available solutions? I would really appreciate any recommendations or resources you could provide to help me improve my investment strategies.,"Hello, I can assist you in optimizing data analytics tools for investment forecasting and portfolio management. Our team suggests using machine learning algorithms and connecting with market data feeds for precise predictions. We can also go over available solutions like data visualization software and portfolio management platforms. To fully understand your specific requirements, I would like to schedule a call at <tel_num>. Would you be available for a call at your convenience to explore the best options for your investment strategies and provide tailored recommendations?"
Could you please provide details on the services offered for securing medical data in hospital systems? Your timely assistance would be greatly appreciated.,"We offer various services for securing medical data in hospital systems, including encryption, access control, and monitoring. We would be happy to discuss these services in detail and provide a customized solution. We are available to call at your convenience to discuss your requirements and provide information on our services."
"Hello, I am seeking assistance in optimizing Airtable for digital marketing strategies. Could you offer some guidance on how to set up the platform? Our goal is to streamline our workflow and enhance team productivity. Any tips or practices shared would be greatly appreciated. Thank you for your assistance.",I would be happy to help optimize Airtable for marketing strategies. Please provide details on your current workflow so I can offer specific guidance and practices to improve productivity.
"Customer Support, please address the underperformance of our digital campaigns, which has led to lower-than-expected brand engagement. Although we have made adjustments to our ad spend and fine-tuned our target audiences, we have not seen significant improvement. It is possible that our current targeting strategies are outdated and may be a major contributing factor to the issue. We would greatly appreciate it if you could review our campaigns and provide guidance on how to optimize them for better results. Please let us know if there is any additional information needed.",We will review your digital campaigns and provide guidance on optimization. Please provide your account number and current targeting strategies for our assistance.
"I am contacting you to request information on data analytics tools that can be integrated with QuickBooks Online for the purpose of investment optimization. Could you kindly furnish me with a list of compatible tools and their respective features? Additionally, I would be grateful if you could share pricing details and customer support offerings for these tools. Furthermore, I am interested in any available tutorials or guides that can assist me in getting started with these tools. My intention is to optimize my investments through data-driven decisions, and I am confident that the right integration with QuickBooks Online will support this endeavor. Thank you for your time and assistance.","I am able to provide you with a list of data analytics tools that integrate with QuickBooks Online, along with their features, pricing, and customer support information. I will also include any available tutorials and guides to assist you in getting started. I will conduct the necessary research and respond with the detailed information you have requested."
"Upgrade digital marketing tools and systems to enhance brand growth strategies and improve performance analytics. This will help in increasing brand visibility and reaching a wider audience, leading to better performance growth.",Thank you for your interest in enhancing your brand growth strategies and improving performance analytics. We recommend updating your digital marketing tools and systems and scheduling a consultation to discuss your specific needs and goals. This will enable us to provide a tailored solution that suits your business requirements. We will review your current systems to identify areas for improvement and recommend new tools and strategies to increase brand visibility and reach a wider audience. Please let us know.
"An unexpected data leak has happened. It is suspected that insufficient access controls are the reason. Attempts to restart Redis 6.2 were made, but the problem continues. Additional help is required to address this issue.","I am investigating the data leak you have reported. To provide better assistance, could you please share more information about the leaks and your current access controls? It would be convenient for me to call you at <tel_num> to discuss further."
"There was an incident involving potential vulnerabilities in the hospital's infrastructure that could impact the security of medical data, possibly due to outdated firewall configurations and missed updates. Efforts to secure the system included rebooting devices, updating software, and reviewing security protocols, but issues still persist. Urgent assistance is required to resolve the matter and ensure the security of medical data.",Service Desk of <name> takes the security of medical data seriously. We are ready to assist with potential vulnerabilities in the hospital's infrastructure. Please provide us with the current configuration and any updates that have been applied. We will schedule a call at a convenient time to discuss and provide a solution to secure the system.
Could you recommend appropriate security protocols for storing medical data on Logitech devices?,"Our organization advises the use of encryption and strong passwords for safeguarding medical data on non-manufactured devices like Logitech devices. For detailed security protocols specific to their equipment, please contact Logitech support via the phone number provided."
Integrating project timelines within a SaaS platform,Let's explore integrating project timelines into your SaaS solution. Please share your specific needs for a tailored approach.
Users are facing sporadic login difficulties on the project management platform. This might be linked to heightened server load during peak times. Steps like clearing cache and restarting the application server have been attempted but the issue remains unresolved. We require your assistance in resolving this problem.,"{name}, thank you for reaching out regarding the login system issue on the project management platform. We are sorry to hear that users are encountering these intermittent login problems. We appreciate the troubleshooting steps you've already taken, such as clearing cache and restarting the application server. To assist you better, could you please provide any error messages that users are receiving and the exact times when the issue occurs? This information will help us investigate whether the problem is related to increased server load."
Seeking advice on how to optimize investment tactics using the data analytics products available. Appreciate your prompt assistance with this investment query.,"I would be glad to assist in optimizing investment tactics using data analytics solutions. Could you please share the specific products you are interested in, so I can provide tailored guidance and recommendations?"
I am contacting you to explore digital strategies that can be integrated with Zoho CRM to enhance brand growth and customer engagement.,"Dear <name>, thank you for reaching out to us about digital strategies that integrate with Zoho CRM. We provide a range of solutions to boost brand growth and customer engagement, including marketing automation and analytics tools. To better tailor our assistance to your needs, could you please share more details about your current Zoho CRM setup and your goals? I am available to discuss further at your convenience. Please let me know a suitable time to call you at <tel_num>."
"Seeking to understand the billing features within the JIRA Software, a SaaS tool for project management. Could you provide detailed information on how billing works, including any discounts for annual subscriptions or additional fees for specific features? This information would greatly assist me in better understanding the costs associated with using JIRA Software.",Will provide billing information details shortly
"I am reaching out to report an issue with the exposure of medical data through an unsecured Docker container. The root cause appears to be an inadequate Ansible script configuration. I have tried restarting Docker and checking Microsoft Teams integrations, but the problem still exists. Assistance is required to address this matter and secure the data.",I have noted your email regarding the data security issue with the unsecured Docker container. I will examine the Ansible script configuration and will contact you at <tel_num> to discuss the necessary steps for resolving the issue and ensuring the security of your medical data.
"I am keen to explore digital strategies that can enhance brand growth for users on Android 12, particularly with the use of Mailchimp. Could you offer some advice or suggestions on how to effectively communicate with and engage this user base? I would greatly appreciate any tips on improving my marketing strategies for this audience.","Certainly, I can share with you digital strategies to foster brand growth for Android 12 users, including tips on utilizing Mailchimp. To effectively connect with and engage this audience, focus on personalizing your email campaigns and employing targeted automation workflows. Additionally, use segmentation to customize your content and offers specifically for Android 12 users. For more tailored recommendations, could you please share more about your current marketing activities and your goals for Mailchimp integration? I would be glad to delve deeper into this matter with you. Are you available for a discussion call at a convenient time?"
"Hello Customer Support, I am contacting you regarding a recent problem I encountered with accessing my dashboard. The issue appeared without any prior warning and might be related to server overloading. I have attempted troubleshooting steps such as restarting my browser and clearing the cache, yet the issue remains unresolved. This abrupt disruption has disrupted my ongoing work and has caused substantial inconvenience. I kindly request that you address this matter promptly and offer a solution. It would also be helpful if you could inform me of any additional measures I can undertake to resolve this issue. I am willing to provide any necessary details to assist in your investigation. Please do not hesitate to call me at <tel_num> for further discussion. I await your swift response and am hopeful for a prompt resolution. Thank you for your assistance.",We will look into the login problem for your dashboard access. Kindly share your account details and we will reach out to you at <tel_num> to discuss further steps for resolution.
"Customer Support, kindly assist in resolving service interruptions that have affected our digital strategies, hindering brand growth and the operations of various products and services. These outages have led to significant disruptions in our operations, impacting our ability to effectively engage with customers. I would greatly appreciate it if you could look into this matter urgently and provide a solution as soon as possible. Please let me know if there is any additional information you need to facilitate the resolution of this issue. I look forward to hearing from you soon. Thank you.","<name>, we are looking into the service interruptions affecting your digital strategies. To facilitate the resolution, could you please provide details on the outages, the products and services that were impacted, and any error messages received? We will contact you at <tel_num> to discuss this further."
"Customer Support, we are here to assist with inquiries about our services that can help in achieving effective brand growth through digital strategies. We are keen to learn more about the services you can offer to help our business expand its online presence and increase brand awareness. Could you provide insights on various digital strategies such as social media marketing, email marketing, and search engine optimization? We would greatly appreciate any information on associated costs, case studies, and success stories.","Thank you for reaching out to the customer support team regarding digital strategies for brand growth. We offer a range of services including social media marketing, email marketing, and search engine optimization to assist businesses like yours in expanding your online presence and increasing brand awareness. Our team of experts, with extensive experience in the field of digital marketing, would be happy to provide you with information about our services and their costs. We can also share several case studies and success stories."
Would like to know more about the digital strategies for brand growth services. I am interested in learning how these services can help my business expand its online presence. Could you provide specific tactics used to increase brand awareness and engagement? Looking forward to your response.,We will provide detailed information about our digital brand growth services strategies via email or during a phone call.
"Dear Customer Support, We are encountering issues with our data analytics dashboard which has crashed unexpectedly. We suspect it may be related to a recent PostgreSQL update. Despite attempts to restart the servers and check configurations, the problem continues to occur. This tool is essential to our operations and we need it restored as soon as possible. Please help us resolve this issue by investigating and providing any necessary guidance. If further information is needed from us, please let us know as we are eager to assist in any way we can to resolve the problem. Thank you for your assistance and support. Sincerely, [Your Name]","Dear [Your Name], We are sorry to hear about the crash of your data analytics dashboard and understand the critical importance it plays in your business operations. I will help you resolve this issue as quickly as possible. To better understand the cause, could you provide more details about the PostgreSQL update and the specific error messages you are seeing? Additionally, please share your [acc_num] so we can review the specifics of your account. If a call is needed, I can schedule one at [tel_num] to discuss the issue and guide you through troubleshooting steps. Please let me know a convenient time for a call. We appreciate your cooperation and look forward to your response. Thank you for your patience."
"Dear Customer Support, I am contacting you to report an issue with our digital campaigns. They unexpectedly crashed, and we think it might be because of recent incompatible software updates. We have attempted to restart the servers and reviewed the logs, but the problem still occurs. The campaigns were functioning properly until the updates were applied, leading us to believe they might be the cause. Kindly investigate this matter and provide a resolution as soon as possible. Please inform us if you require further details from us to address this issue. Thank you for your time and help. Sincerely, [Your Name]",I will examine the campaign issue and reach out to you at <tel_num> for any additional information needed to resolve the problem promptly.
Inquiring about support for enhancements in the integration capabilities of the SaaS project management platform. Current limitations are affecting the team's ability to manage projects effectively. A response with an update on the potential timeline for enhanced integration support would be greatly appreciated. This would significantly improve the overall experience with the platform. Thank you for your time and consideration.,"<name>, thank you for your email regarding the integration support for the SaaS project management platform. We appreciate your feedback and are happy to discuss potential enhancements. We will review your request and provide an update on the feasibility and timeline for implementation. If you have further needs, please contact <tel_num> to discuss further."
"Is it possible to get details on data analytics services that could optimize our investment strategies and help us make informed decisions to maximize returns? We are very interested in leveraging your expertise to benefit our business. Thank you for your assistance, and we look forward to hearing from you soon.","Hello, thank you for your email regarding data analytics services. I would be happy to provide you with more information about our expertise and how we can assist in optimizing your investments and maximizing returns for your business. Our services include data analysis and reporting to help inform decision-making. To discuss further, could you please provide us with details about your specific investment goals? We would be happy to schedule a call at your convenience to explore how our services can benefit you. Please let us know a suitable time."
"There are data inconsistencies in the investment analytics reports. This might be due to recent software updates or configuration problems. I have tried restarting the affected applications and rechecking the data inputs, but the issue still persists. I would greatly appreciate it if you could look into this matter and provide a solution at your earliest convenience.",Please investigate the data discrepancies in the investment analytics reports. Kindly provide details of the errors and contact us at <tel_num> to discuss potential solutions.
"Hello Customer Support, I am writing to ask about the suggested digital approaches for enhancing brand growth through the use of AWS and WordPress. I would like to know how these platforms can be effectively utilized to amplify my brand's online footprint and attract a broader audience. Could you share some insights and best practices on leveraging AWS and WordPress for brand growth? Furthermore, do you have any specific recommendations for tools or services that could aid in this process? I am eager to receive your advice. Thanks for your support and time.","Hello [name], thank you for contacting our customer support regarding digital strategies for brand growth using AWS and WordPress. We are here to assist you in exploring how these technologies can enhance your online presence. To better tailor our guidance to your needs, could you please provide additional details about your current AWS and WordPress setup and the specific areas of brand growth you are targeting? Based on this information, we can provide you with detailed best practices and recommended tools or services. Examples of popular options include Amazon API Gateway, Amazon Rekognition, and WordPress plugins such as Yoast SEO. If it would be more convenient, we can also arrange a call at a time that suits you or continue our discussion via email. We are looking forward to your response and further supporting your brand growth objectives."
"An unauthorized access incident has happened in our hospital systems, which might be linked to a phishing attack. Despite updating passwords and conducting security audits, the issue continues. Assistance is required to address this.","We need your help to resolve the unauthorized access incident in the hospital systems. To better understand the issue, we require details about the security audits conducted and the specific issues that persist. Could you please provide us with the details of the incident, the timeframe, and any error messages you encountered? We would be available to discuss this further at your convenience. Please let us know a suitable time for a call."
"A financial company is facing irregularities in data reporting through Microsoft Dynamics 365 and PostgreSQL 13. The issue might be due to integration errors between the systems. Steps taken to resolve it included restarting applications and checking for update patches, but the problem continues. Assistance is needed to resolve this issue.","To address the irregular data reporting issue with Microsoft Dynamics 365 and PostgreSQL 13, I would like to review the integration settings and discuss any error logs. Let's schedule a call at <tel_num> to gather more information and determine the next steps to resolve the issue. This is for account <acc_num>."
There are unanticipated charges on the monthly invoice because of an incorrect account setup.,I will examine your account configuration and monthly invoice to look into these unexpected charges and will get back to you to discuss the needed corrections and adjustments to your account.
"Hello Customer Service Team, I hope this message finds you well. I am reaching out to inform you that our digital campaign performance has fallen below our expectations. We suspect that the problem may be attributed to incorrect targeting and ad placement. Despite making adjustments to the audience and creative content, we have not seen any improvement. Could you please investigate this issue and offer a resolution at your earliest convenience? If you require any further information from me, please do not hesitate to ask. Thank you for your prompt attention to this matter. I anticipate your swift response. Best regards.","We have noted your concerns regarding the digital campaign performance and would like to delve deeper into the issue. Could you please share your <acc_num> so we can proceed with the investigation? Additionally, I will contact you at <tel_num> to assist you with this matter. Thank you."
"Hello Support Team, We are contacting you due to a malfunction with our digital campaigns that has suddenly halted. We are unclear about the reasons behind it and believe it might be related to integration difficulties. We have attempted to restart our services and review the configurations, but the issue remains unresolved. We kindly ask for your help in addressing this promptly. Please inform us if you require any further information from us. We are eagerly awaiting your response. Many thanks for your attention and support.","Hello <name>, Thank you for reaching out to us regarding the interruption of your digital campaigns. We regret to hear that they have stopped functioning due to suspected integration issues. We are keen to look into this further. Could you please share more details about the error messages you are encountering and the specific steps you took when trying to restart your services and check the configurations? Additionally, I will reach out to you at <tel_num> to discuss this matter further if that is agreeable to you."
Request to update the integration of data analytics tools across Airtable to enhance investment optimization.,"Dear [Name], thank you for your request to update the integration of data analytics tools across Airtable, which aims to improve investment optimization. We will review your request to provide a solution that enhances investment optimization. Please provide details on the specific analytics tools you are currently using, as this may require a call with [Phone Number] for further discussion. Thank you for choosing our service, and we look forward to staying in touch soon."
"Dear Customer Support, we are encountering occasional performance problems with project load times, which might be related to high user activity during peak hours. We have already tried optimizing database queries and increasing server resources, and this has led to a noticeable improvement. However, users still experience delays during peak hours, causing frustration. We would greatly appreciate your assistance in identifying the root cause and implementing a solution to enhance our performance and user experience.","Hello [Name], we are pleased to assist you with your performance issues. Could you please provide us with the current server configuration and details of your database optimization efforts? We can schedule a call at a convenient time for you to discuss and help identify the root cause and implement a solution. Please contact us at [tel_num]."
"An unexpected service outage has occurred in the SaaS project management tool, likely due to compatibility issues with PHP 8.0 and Cassandra 4.0 updates. We have tried restarting the services and checked the system logs, but the issue still persists. Assistance is needed to resolve this issue and prevent future occurrences.",Please review the outage issue with the SaaS project management tool and provide log files and details on the updates. Contact us at <tel_num> to discuss and receive assistance in resolving the issue.
"Dear Customer Support, I am reaching out to request an enhancement in the integration of our data analytics tools with Salesforce CRM. Currently, the integration is limited and does not provide the level of detail required for optimized investment tracking and reporting. We would like to see advanced features such as automated data syncing, customizable dashboards, and real-time reporting, which would enable our team to make more informed decisions and improve overall performance. We believe this enhancement would be a valuable addition to the platform, and we look forward to your response.",Thank you for your feedback regarding the enhancement of the Salesforce CRM data analytics tools integration. We will review your request and get back to you soon.
"Hello Customer Support, we are inquiring about your digital strategy services related to brand growth. Could you provide more details on the services you offer, such as social media management, content creation, and SEO optimization? We are particularly interested in learning how these services can help our brand expand its online presence and increase engagement with our target audience. We look forward to hearing back from you at your earliest convenience and would greatly appreciate any information you can provide regarding the benefits of your services for our brand.","We would be happy to provide information about our digital strategy services, including social media management, content creation, and SEO optimization. We can discuss how these services can help your brand grow, and we are available for a call at your convenience to discuss further."
"There is a potential data breach detected in the healthcare provider's system, which may be due to an unauthorized access vulnerability.","Name is writing an acknowledgment email regarding the potential data breach detected in the healthcare provider's system. We take these incidents seriously and are committed to providing assistance to mitigate any potential damage. To better understand the situation and provide effective support, could you please provide more details about the breach, including the date it was detected, the steps that have been taken so far. Additionally, it would be helpful to know what type of data may have been compromised. If possible, please schedule a meeting to discuss this further."
"Hello Customer Support, I am reaching out to inquire about the pricing for integrating Zoho Books into our project management SaaS. Could you please provide a detailed breakdown of the costs involved? I would like to know about any additional fees associated with setup, maintenance, and support. Additionally, I am interested in knowing if there are any discounts available for long-term commitments or bulk subscriptions. I am also keen on learning more about the features and benefits of the integration and how it can enhance our overall project management experience. Could you provide any case studies or testimonials from existing customers as well? Thank you for your assistance.","Dear [Name], thank you for your email regarding the pricing for the Zoho Books integration. We will provide a detailed breakdown of the costs involved, including any additional fees for setup, maintenance, and support. Please allow us to contact you at [Phone Number] to discuss any questions you may have and to go over the features and benefits of the integration. Thank you."
I would like to seek advice on digital tactics that can enhance our brand's growth. Our goal is to expand our online footprint and attract a broader audience.,I am ready to discuss digital strategies that can boost your brand's growth. Please let me know a suitable time for a call to delve into these possibilities.
"Dear Customer Support Team, I am reaching out to request the integration of user-friendly features in our project management SaaS. The current interface is quite overwhelming, particularly for new users. I believe incorporating drag-and-drop functionality, customizable dashboards, and real-time collaboration tools would significantly enhance the overall user experience. Additionally, optimizing the platform for mobile devices would allow users to access and manage projects more easily.","<name> greatly appreciates the feedback regarding the project management SaaS and thanks the user for taking the time to share their suggestions. The team is constantly working to improve the platform and will certainly consider the request for user-friendly features such as drag-and-drop functionality and customizable dashboards. An update on upcoming features and improvements will be provided in the next newsletter. For any further questions or concerns, please do not hesitate to contact us at <tel_num> or reply by email."
"Hello customer support, I am reaching out to inquire about integrating the Smartsheet SaaS project management platform. Could you provide me with the details and necessary steps required for the integration? I would greatly appreciate your assistance and look forward to hearing back from you soon. Thank you for your time and support.","Hello [name], thank you for reaching out to our support team regarding the integration of the Smartsheet SaaS project management platform. We would be happy to assist with the integration process and would like to gather information about your current setup and requirements. Could you please provide us with the specific details of the features you would like to integrate from Smartsheet? This will help us provide the necessary steps and requirements to complete the integration. We would like to discuss this further and schedule a call at your convenience to go over the details."
"Hello Customer Support, I am currently facing issues with data synchronization on Salesforce CRM. It might be due to a problem with the Kubernetes setup. I have already attempted to restart the WLAN router and verified the Excel 2021 data sources, but the problem still exists. I would be grateful if you could investigate and offer a solution promptly. Please inform me if you require additional information from me. Thank you for your time and help. I await your response.","Hello <name>, we appreciate you contacting us regarding the data sync challenge with Salesforce CRM. We will explore the Kubernetes configuration to address this. Could you also share any specific error messages you are encountering? We might need to contact you at <tel_num> for a more detailed discussion."
"Investment optimization with the data analytics tool has been hampered by intermittent outages, possibly due to recent software updates or server overload. Steps taken, such as restarting the application and clearing cache, have not resolved the issue. The outages are impacting the ability to make informed investment decisions. We would appreciate it if you could look into this matter and provide a solution at your earliest convenience.","We have received your email concerning outages with the data analytics tool. We apologize for the inconvenience this is causing. Please provide the exact error message and the time of the last outage. We will also need your account information, including your account number, to investigate the matter. Please let us know a convenient time to discuss this issue and provide a solution."
"Customer Support, <br><br>I am submitting a report on a critical bug that is hindering project syncing on our SaaS platform. The issue might be related to recent backend updates. Despite my efforts to troubleshoot, including rebooting services, clearing caches, and validating API connections, the problem still persists.<br><br>This bug is significantly impacting our operations, and I urgently need your assistance to resolve the matter. I would greatly appreciate it if you could look into the issue as soon as possible and provide a solution.","Dear [Customer], thank you for reporting the critical bug that is preventing project syncing on our SaaS platform. We apologize for the impact on your operations. To assist you further, could you please provide the exact error message and the steps you have taken that led to the issue? We will investigate the matter urgently and work on providing a solution or a workaround as soon as possible. If you need to discuss further, please contact us at [tel_num]. Please let us know a suitable time for a call."
Noticed a decline in web traffic and engagement metrics. This could be due to an algorithm change or a technical glitch. Steps taken include clearing the cache and updating the content.,Requesting detailed information.
Our website experienced a crash during the launch today. It's possible the server was overloaded. We have already restarted the server and scanned for any malware.,"Dear <name>, we regret to inform you that your website crashed during today's digital campaign launch. We appreciate your prompt response in restarting the server and conducting a malware scan. To help us investigate the issue further, could you provide us with more information regarding the error messages you encountered and the current server load? Additionally, please share the anticipated number of concurrent users during the launch. To discuss potential solutions and preventive measures for future events, we suggest scheduling a call. Would it be convenient for you to speak with us at <tel_num> for this discussion, and to explore any necessary actions to enhance server capacity?"
"Greeting Customer Support Team, I am submitting this communication to highlight a sudden encryption malfunction on my medical data. This anomaly could be linked to the use of an outdated Docker version. Despite my efforts to restart the servers and analyze the logs, the problem remains unresolved. I kindly request you to examine this situation and swiftly offer a resolution. Please inform me if there is any supplementary information you require. Thanks for your support.","Hello [Name], thank you for bringing the encryption issue to our attention. We will delve into the matter of your medical data encryption, especially considering the outdated Docker version. Could you kindly share the current Docker version and the precise error message found in the logs to assist us in our analysis? We will be in touch shortly to outline the subsequent steps. "
"Inquiring about Customer Support for digital strategies that can aid in brand growth services. Would appreciate it if you could provide more details on the services offered to help businesses grow. Particularly interested in the approach to social media marketing, content creation, and search engine optimization. It would be great to receive information, including case studies and testimonials from previous clients. Thank you for your assistance, and I look forward to hearing back soon.","Dear [Name], thank you for your interest in our brand growth services. We offer customized digital strategies, including social media marketing, content creation, and search engine optimization, to help businesses grow. We would be happy to provide more details and share case studies from previous clients. We are available for a call at your convenience to further discuss how we can assist your business. Please let us know a suitable time to call at [tel_num]."
"An unauthorized access attempt was detected on healthcare systems. Security patches were updated and logs were monitored to resolve the access issues. We need your assistance to prevent future occurrences. Could you please provide details on the unauthorized access attempt, including the date and time it occurred and relevant log entries? For your account number, please refer to <acc_num>. It would be convenient for us to call you at <tel_num> to discuss the next steps for resolving the incident and implementing measures to prevent future occurrences.","<name>, we take this security incident very seriously and are here to assist you. To better understand the issue, could you please provide details on the unauthorized access attempt, including the date and time it occurred and any relevant log entries? Your account number is <acc_num>. It would be convenient for us to call you at <tel_num> to discuss the next steps for resolving the incident and implementing measures to prevent future occurrences."
"Dear Customer Support, our healthcare provider recently faced a potential data breach that may have compromised secure access to patient medical records. This could be due to outdated security protocols and unauthorized access attempts. We have already implemented immediate password updates and firewall adjustments, but access issues still persist. The breach may have exposed sensitive patient information, raising concerns about the security of our system. We kindly request your assistance in investigating and resolving this matter as soon as possible.",Please investigate the data breach issue immediately and contact us at <tel_num> to discuss the next steps. We will provide assistance in securing the system.
"Dear Customer Support, I am writing to request enhancements in our data analytics capabilities to optimize investment strategies for our affected products. The current system is not providing real-time insights or predictive analytics, which hinders our ability to make informed decisions. I would like to request the following enhancements: real-time data visualization, predictive modeling, and automated reporting. These features would greatly improve our investment strategies and overall business performance. I look forward to your response.","Dear [Name], we appreciate your request for enhancements to our data analytics capabilities. We will review your request and provide you with a timeline for implementation. Please allow us to contact you at [Phone Number] to discuss the details further."
"Medical records not available because of a system failure, attempted to reboot the systems",I regret the difficulty you're experiencing accessing your medical records. Could you share any error messages you're encountering? I intend to look into this and will reach out to you at a convenient time to address it. Would you be available for a call to discuss further at a time that suits you?
"Dear Customer Support, I am interested in learning about data analytics tools that can optimize investment portfolios for individual investors. I am eager to maximize my returns and reduce my risks and have heard that data analytics could be beneficial. However, I would like some guidance on the most effective tools. Could you provide me with detailed information on this matter? I am particularly interested in tools that can monitor my portfolio's performance in real-time, notify me of specific conditions, and offer access to historical data and trends. Additionally, I am interested in tools that can provide personalized recommendations based on my investment goals and risk tolerance. I have conducted some research on my own, but I would appreciate your expert opinion on the subject. Could you recommend some data analytics tools that can help optimize my investment portfolio? Thank you for your consideration. I look forward to your response. Best regards, [Your Name]","Dear [Your Name], we appreciate your inquiry about data analytics tools for optimizing investment portfolios as an individual investor. Our team understands your desire to enhance your returns and mitigate risks. We are here to assist you with information on tools that can track your portfolio performance in real-time, alert you to specific conditions, and offer access to historical data and trends. Some tools also provide personalized recommendations based on your investment goals and risk tolerance. We would be glad to delve into this further and recommend appropriate tools. Could you please share more details about your current investment portfolio and specific goals? Alternatively, we can schedule a call at [tel_num] for a more detailed discussion at your convenience. We are eager to help you find the right data analytics tools to meet your needs."
"Greetings, Customer Support. I am contacting you to seek advice on the ideal configuration of Elasticsearch 7.13 for data analytics in investment forecasting. I am particularly interested in the best practices for a setup that can manage extensive financial data and deliver precise predictive outcomes. Could you share your insights on the recommended node configuration, shard distribution, and indexing methods for this application? Moreover, are there any specific plugins or modules you would recommend for investment forecasting? I would be grateful for any recommendations or resources you could offer to help optimize my Elasticsearch setup for data analytics. Thank you for your time and assistance. I anticipate your prompt response and eagerly await your feedback.","Hello, [Name]. We thank you for your inquiry regarding the Elasticsearch configuration for investment forecasting. For the best performance, we advise having a minimum of three nodes in a production cluster, with the number of shards tailored to your data volume and query patterns. For indexing strategies, a time-based approach is advisable. We recommend exploring the X-Pack plugin for features such as alerting and monitoring. Should you wish to provide more specifics about your current setup and data needs, we can schedule a call at [Phone Number] to discuss in greater detail."
Could you please provide detailed information regarding the billing options for Digitalkamera ESET NOD32 Antivirus 14? Thank you!,Please provide detailed billing options for Digitalkamera ESET NOD32 Antivirus 14 and allow us to discuss at your convenient time.
"Seeking detailed guidance on integrating the Microsoft Teams SaaS project management solution. Would appreciate step-by-step instructions, documentation, and any help with the process. Could you provide additional resources and support to ensure a successful integration?","<name> is happy to assist with integrating the Microsoft Teams SaaS project management solution. A comprehensive guide outlines the step-by-step process for integration, which you can find on the website. Please provide a direct link to the documentation. Additionally, we offer support resources such as tutorials and FAQs that may be helpful during the integration process. If you have specific questions or need further assistance, please let us know, and we can offer phone support to help you speak with someone directly."
"Customer Support, we are reaching out to inquire about the security practices and protocols in place within the SAP ERP Central Component 6.0 to ensure the confidentiality, integrity, and availability of sensitive medical information. We would greatly appreciate guidance on data encryption, access controls, and audit trails. Additionally, we would like to know if specific compliance requirements and regulatory standards are met, such as HIPAA and ICD-10. We look forward to hearing back with the necessary information.","Thank you for your inquiry regarding securing medical data within SAP ERP Central Component 6.0. Our team follows best practices for data encryption, access controls, and audit trails to ensure the confidentiality, integrity, and availability of sensitive information. We comply with regulatory standards such as HIPAA and ICD-10. For specific guidance on our protocols and practices, we would like to schedule a call at a convenient time to discuss further. Please let us know a suitable time to reach you."
"Request for integrating project management SaaS tools like Zoho CRM, Outlook 2021, and Notion to enhance user productivity. The integration is aimed at allowing teams to access and manage projects seamlessly across various platforms, thereby saving time and increasing efficiency.","<name>, we appreciate your request for integrating project management SaaS tools such as Zoho CRM, Outlook 2021, and Notion to enhance user productivity. Our team will review the requirements to provide a solution that integrates these platforms seamlessly. We would like to schedule a call to discuss the project details and answer any questions. Please let us know a suitable time that is convenient for you, and we will arrange accordingly. We will also provide a detailed proposal outlining the scope of the integration."
"Users are encountering connectivity problems with the project management SaaS application, which is affecting their productivity due to compatibility issues.","We are addressing the connectivity challenges with the project management SaaS. Please investigate the compatibility issues and provide us with details and any error messages you are seeing. You can call <tel_num> to discuss further. In the meantime, please send an update with the next steps to resolve the issue. Your account number is <acc_num>."
"Customer Support, reporting a critical issue concerning unauthorized access to patient medical records in the hospital system. Despite recent software updates and a review of user access logs, the issue remains unresolved. These unauthorized access attempts may be due to outdated security protocols and insufficient firewall rules. I am concerned about the potential for a data breach involving sensitive patient information and would appreciate your assistance in resolving this matter. Could you please provide guidance?","Dear <name>, we take the confidentiality of patient medical data very seriously and are grateful for bringing this matter to our attention. We will assign this issue to a senior security specialist for a thorough review and to provide recommendations for strengthening security measures. To better assist you, could you please provide details on your current security protocols, including firewall rules and software updates? Additionally, could you confirm if any suspicious activities or alerts related to unauthorized access have been noticed?"
"I am contacting you to report recurring software crashes and errors that started recently. The problem may be due to incompatible updates or a conflict with other software products. I've already attempted to restart and reinstall the software, but the issue remains unresolved. I urgently need your assistance to find a lasting solution. Could you please help me diagnose or provide a fix for these crashes and errors so they do not occur again in the future?","Hello <name>, we have received your email concerning the software crash issue. To provide the best assistance, we need more information about the software and updates involved. Please include any specific error messages you are encountering and the steps you have already taken. If necessary, I can arrange a call at <tel_num> for a detailed discussion. Could you confirm a suitable time for you? I will work to provide a solution or guide you through the troubleshooting process to permanently resolve the issue for your <acc_num> account."
Seeking to learn how to optimize investments using DataRobot's analytics features. Would greatly appreciate any information and resources that could assist in getting started.,We can provide you with information on DataRobot's analytics capabilities. Please feel free to contact <tel_num> for a detailed discussion.
"I am contacting customer support to seek advice on optimizing investment analytics using MATLAB for better decision-making. Could you provide information on how to leverage MATLAB's capabilities to enhance investment decisions? I would greatly appreciate any guidance on available tools, resources, and best practices. Thank you for your time and assistance. I look forward to hearing from you soon.","Thank you for reaching out to the customer support team regarding the optimization of investment analytics using MATLAB. We can provide guidance on how to leverage MATLAB's capabilities to improve investment decisions. MATLAB offers a wide range of tools and resources for investment analytics, including data analysis and visualization, portfolio optimization, and risk management. We recommend exploring MATLAB's documentation and tutorials on these topics. Additionally, we can offer best practices for implementing an investment analytics workflow using MATLAB."
"I'm interested in learning about the SaaS features that support project management and scalability. Specifically, I would like to know if the platform can accommodate large projects and teams. Could you provide details on the tools and features that enable efficient collaboration and task management? I greatly appreciate your assistance and look forward to hearing back soon.",I would be happy to provide information on the SaaS features related to project management and scalability. Please allow me to call at your convenience to discuss the details of the tools and features that support efficient collaboration and task management.
"Customer Support, exploring ways to enhance integration capabilities among various applications in our project management SaaS to achieve our goal of improving the user experience and enabling seamless interactions across different tools. This would allow users to access multiple applications from a single platform, thus streamlining workflows and increasing productivity. We believe this enhancement would be a significant step forward in providing an intuitive and efficient experience for our users.","<name>, thank you for your feedback on enhancing integration capabilities in our project management SaaS to improve user experience. We will review your request and invite you to contact us at <tel_num> to discuss the details and possible implementation."
"An unexpected billing error has occurred, which may be related to an outdated payment method.","We regret the inconvenience caused by the unexpected billing error. The issue might be due to an outdated payment method. Please update your payment details by logging into your account and following the on-screen instructions to add a new payment method. If you have already updated your payment method, please contact our support team for further assistance. We are here to help resolve the issue and ensure your account is up-to-date. If you have any questions or concerns, please let us know."
"Suspected data breach, currently examining access logs",Examining issues with hospital security systems due to a suspected data breach. Please provide access log information to better assist with the matter.
The Data Analytics Dashboard is stationary. It might be because of excessive load on the Cassandra database. I restarted the server and reviewed the latest GitHub updates.,I will examine the performance issue of the Data Analytics Dashboard. Please share the error log for a deeper analysis and to help in troubleshooting.
Noted unauthorized access attempts occurred,"<name>, please address this security incident with prompt attention. Kindly furnish details about the unauthorized access attempts, including the date and time, and the affected systems. This will assist us in investigating the matter and taking the necessary actions. If available, I would like to discuss this further by calling at <tel_num>. Could you please inform me of a convenient time to call regarding <acc_num>?"
"I am encountering difficulties with the digital tools due to a sudden loss of connectivity. It seems the issue could be related to outdated software. Despite restarting and trying to update the software, the problem continues to occur.","Dear <name>, thank you for contacting us regarding the problems you are facing with our digital tools. We regret the inconvenience this has caused and are here to support you. We understand that you have already attempted to restart and update your software, but the issue still persists. We would like to further investigate the root cause of the connectivity loss. Could you please provide us with more details about the error messages you are seeing and the steps you have taken so far? If needed, we can arrange a call at a convenient time for you to discuss this further. Please let us know a suitable time to reach you at <tel_num> and we will be happy to help resolve the issue related to your <acc_num>. "
"Dear Customer Support, <br><br>I am contacting you to report that the campaign analytics dashboard has not been loading correctly. I think this could be because of a misconfiguration in the GitHub integration or a conflict with my Avast security software. <br><br>Having already restarted my system and run a malware scan with Malwarebytes, the problem still persists. I would really appreciate any help you can offer to resolve this. <br><br>Could you please let me know if there are any further steps I can take or if you need any additional details from me? <br><br>Thank you for your time and support. <br><br>Sincerely, <br>[Your Name]",I apologize for the problem you are experiencing with the campaign analytics dashboard. Could you please share your account number and a screenshot of the error message? I will look into the GitHub integration and Avast security software configuration to assist you further.
"I am keen to learn about the features of a project management SaaS solution. Could you please provide information on scalability options, customization possibilities, integration tools, and pricing plans? Additionally, I would like to know about the security measures in place to protect user data. Your detailed response will help me make an informed decision. Thank you for your assistance, and I look forward to your prompt reply.","I would be happy to provide information on the features, pricing plans, and other details of our project management SaaS. Please allow us to call you for a more convenient discussion, and we can send you the detailed information you requested."
"Dear Customer Support, <br/>I am reporting an issue with the investments optimization tool. It failed to load data, which could be due to insufficient system resources or software incompatibility. <br/>After attempting to restart my system and checking for updates, the issue still persists. <br/>I would appreciate your investigation and a prompt solution. <br/>Thank you for your time and assistance. <br/>Sincerely, <br/>[Your Name]",We have received your email about the issues with the investments optimization tool loading. We will look into this and contact you at <tel_num> if further assistance is needed.
"Dear Support Team, I am experiencing a login problem that started this morning. Login failed without any clear reason, and I suspect it might be related to server maintenance. I have already tried restarting my browser and clearing the cache, but the issue remains unresolved. Please review the situation and provide a solution at your earliest convenience. If there are any further steps I need to take, please inform me. Thank you for your help. Sincerely, [Your Name]","Dear Customer, we appreciate you bringing this login issue to our attention. We regret the inconvenience caused and are currently investigating the matter. Our team will look into the cause and work on a resolution as quickly as possible. In the meantime, please check our website for any maintenance notifications. If the issue continues, we might need additional information from you to assist with troubleshooting. We value your patience and will provide an update shortly. Thank you for your understanding."
Is it possible to get details on integrating Smart-Gartenbewässerung with Slack and Elasticsearch? Thank you!,"<name>, provide details on integrating Smart-Gartenbewässerung with Slack and Elasticsearch. To better assist you, please provide more information about your current setup and what you are trying to achieve. I am happy to discuss and explore possible solutions, and would be available for a call at your convenience."
"We faced a data breach in the hospital's system, which led to the compromise of secure medical data. This may have occurred due to a software vulnerability in the current security setup. We have taken immediate action by updating the antivirus software, conducting a security audit, and reinforcing our firewall settings.","Thank you for your email regarding the data security issue at the hospital. We appreciate the swift actions taken, including updating the antivirus software, conducting a security audit, and reinforcing firewall settings. To ensure that all necessary steps have been taken, we would like to discuss this matter further. Could you please provide details on the breach and the actions that have been taken so far? We are available to schedule a call at your earliest convenience to go over these details. Please call <tel_num> at your convenience to discuss the next steps."
Faced synchronization difficulties between Airtable and Cassandra 4.0,I will look into the Airtable synchronization problem with Cassandra 4.0. Please share additional details regarding the error for better support.
"I am keen to join your service and would like to understand the available payment methods. Could you kindly share a list of accepted payment types? Additionally, I would be grateful if you could inform me about any current discounts or promotions. I appreciate your time and look forward to your response. I await your reply eagerly.","Dear <name>, we are grateful for your interest in our service and are pleased to share information about our payment options. We accept major credit cards like Visa, Mastercard, and American Express, as well as online payment services such as PayPal. We also provide discounts for extended commitments and special offers for new subscribers. For more details on current promotions and discounts, I would be happy to call you at your convenience to discuss the specifics. Would you be available for a call at <tel_num> or would you prefer another time?"
"I am facing issues with the data analytics tool as it unexpectedly crashes. There is a possibility that the problem could stem from a compatibility issue with Zoho Books integration. I have already attempted to restart my MacBook and reviewed the settings in the Eclipse IDE, but the problem still persists. I would greatly appreciate your assistance in resolving this issue.","I am ready to assist you with the challenges you are experiencing with the data analytics tool. In order to address the potential Zoho Books integration issue, could you kindly provide more details regarding the error message you encounter when the tool crashes? I will arrange a time that is convenient for you to resolve the issue."
I require assistance with integrating Smartsheet Elasticsearch 7.13 into the SaaS platform. Could you provide detailed documentation?,"I am pleased to assist with the integration of Smartsheet Elasticsearch into the SaaS platform. Documentation is available, but I would like to confirm the details before providing it. Could you please confirm your account number and specific integration requirements? Once confirmed, I will provide the necessary documentation and schedule a call to discuss further."
"Greetings Customer Support, I am reaching out to inquire about digital strategies that can impact brand growth online. Could you provide information on methods to use for increasing brand awareness and customer engagement online? I would greatly appreciate any details you can share regarding social media marketing, content creation, and search engine optimization techniques. Additionally, I am interested in learning about the tools and platforms you utilize to measure the success of these digital strategies. Thank you for your time and assistance. I look forward to hearing back from you.","Dear [Name], thank you for reaching out to our customer support team. We appreciate your interest in digital strategies for brand growth online. Our team employs a combination of social media marketing, content creation, and search engine optimization techniques to increase brand awareness and customer engagement. We also leverage various tools and platforms to measure the success of these digital strategies, including analytics software and performance tracking metrics. For detailed information, we would be happy to schedule a call with you."
Could you offer insights on optimizing investments through KNIME data analytics? I am keen on learning how to use data analytics for making well-informed investment choices. I would greatly appreciate any guidance and resources you can provide. Thank you for your assistance.,"Hello, KNIME data analytics can indeed help in optimizing investments and making informed decisions. I would be happy to call you at <tel_num> to provide guidance and resources on this topic. We can schedule a call at your convenience to go into more detail."
"Recently, users have reported experiencing slow response times when accessing project dashboard features during peak hours of increased user traffic. Efforts to identify and address potential bottlenecks in server performance and optimize database queries have been made, but the issues persist. We are still working on resolving the issue.",Received an email regarding the reported issues with delayed response times on the project dashboard. Offering assistance to provide detailed information on server performance during peak hours to help resolve the issue.
"Dear Customer Support,\n\nI am contacting you to report an unforeseen system outage that has had significant impacts on our operations. We currently suspect that the outage could be due to an overload or a technical malfunction, but the exact cause is still under investigation.\n\nSteps taken so far include restarting services, reviewing logs, and monitoring system performance. Despite these efforts, the issue remains unresolved, and we need your assistance to identify and rectify the problem.\n\nHere are the details of the incident:\n\n**Incident Overview:** Our system unexpectedly went down, leading to reduced productivity.\n\n**Possible Cause:** We believe the outage might have been due to overload or a technical glitch, but a thorough investigation is required to confirm this.\n\n**Actions Taken:** Our technical team has restarted services, reviewed logs for errors, and monitored system performance to spot any potential issues. Unfortunately, the problem persists.\n\nWe would be grateful if you could organize a call to further discuss this matter. Additionally, could you confirm your account number and the precise time the outage occurred? This information will be invaluable in pinpointing the issue and finding a solution.\n\nThank you for your swift attention to this matter.\n\nBest regards,\n[Your Name]","Dear [Your Name],\n\nThank you for reporting the unexpected system outage. I apologize for the inconvenience this has caused. Could we arrange a call to delve deeper into the issue? Please let me know a convenient time for you. Meanwhile, could you provide your account number and the exact time the outage began? This information will aid in our investigation and prompt resolution. I appreciate your understanding and cooperation.\n\nWe look forward to discussing this further and resolving the issue at your earliest convenience.\n\nBest regards,\n[Support Team Member]"
Is it possible to furnish details on integrating the JIRA project management software? Thank you!,I would be glad to assist with the JIRA integration. Could you please provide information on your current setup and what you are trying to achieve? I will be able to provide a detailed response and offer assistance.
Project schedules are failing to sync between teams. There might be integration problems with OneNote and Windows. I have already restarted Repeater and reviewed Ansible configurations.,"I have noted your concern about the project synchronization issue. In order to delve deeper into the integration challenges with OneNote and Windows, could you share any specific error messages you are encountering? Additionally, please provide the versions of the software you are utilizing. I will contact you at <tel_num> to proceed with the next steps."
"I noticed some unanticipated fees in my monthly bill, which might be because of a mistake in the product bundle setup.","I am investigating the unexpected charges on your bill. For a clearer understanding of the issue, could you provide more information about the suspected incorrect product bundle configuration? I will review your account <acc_num> and contact you at <tel_num> if further discussion is needed to resolve the matter."
Data was lost following a Docker update. It is suspected that the Docker version is incompatible. Efforts to resolve included restarting Docker and reviewing ClickUp settings.,Please provide additional details regarding the issue for support.
"Customer Support, submitting request for enhancements to data analytics tools currently utilized by a financial firm for investment optimization strategies. Current tools are lacking in providing the necessary level of insight needed to make informed decisions. We would appreciate additional features such as predictive modeling and real-time data analysis, which would greatly improve our ability to optimize investment strategies and increase returns. We are considering this request and appreciate your attention to it.","Dear [name], thank you for reaching out to us to enhance the data analytics tools. We appreciate your feedback and are interested in learning how we can better meet your needs. Could you please provide more information on the specific features you are looking for, the types of predictive models you would like to see, and the frequency of real-time data analysis required? We would like to schedule a call to discuss this further; please let us know a suitable time that is convenient for you."
"Unapproved access has been detected in the hospital's systems, which may pose a risk to the medical data.","Dear [Name], we take the report of the unapproved access to the hospital's systems very seriously. The potential risk to the medical data is a top priority. Please provide more details about the incident, including the date and time it was detected, as well as any relevant system logs. We would like to schedule a call to discuss the next steps. I am available at your convenience and would appreciate it if you could let me know a suitable time to contact you at [Tel Num]."
Could you provide detailed information on integrating Smartsheet's scalable SaaS project management solution? I need to know the specific requirements and the benefits of the integration.,"To integrate Smartsheet's scalable SaaS project management solution, you will need an active account and our services. The benefits of integration include streamlined workflows, automated reporting, and enhanced collaboration. Our system supports API-based integration with Smartsheet, enabling seamless data exchange. For specific requirements, I would be happy to schedule a call at your convenience to discuss and provide a tailored solution for your needs. Please let me know a suitable time for the call."
Is it possible to supply us with information on digital marketing strategies that can aid in brand growth? This would be incredibly helpful for bettering our online presence and reaching a broader audience. We really appreciate your prompt assistance in this matter and look forward to hearing back from you soon.,We will review your request and provide a detailed response regarding digital marketing strategies that can aid in brand growth and improving online presence.
"Details: Investment figures are not updating accurately. Possible reasons: API connection problems or software that is out of date. Actions taken: Restarted equipment, verified network links, and ensured API credentials are valid.",I will examine the problem and reach out to you shortly at <tel_num> to explore the next steps.
